Workbook

Sheet Data
A1: CODE | B1: NAME | D1: IATA | E1: Aeropuerto origen | G1: IATA | H1: Aeropuerto origen | J1: TYPE OF FLIGHT | K1: Designador
A2: 1A | B2: FBONLU | D2: ACA-NLU | E2: Acapulco | G2: NLU-ACA | H2: Acapulco | J2: A | K2: 2
A3: 2D | B3: EASTERN AIRLINES | D3: AFW-NLU | E3: Fort Worth | G3: NLU-AFW | H3: Fort Worth | J3: H | K3: 2
A4: 5D | B4: Aeromexico Connect | D4: AGU-NLU | E4: Aguascalientes | G4: NLU-AGU | H4: Aguascalientes | J4: F | K4: 2
A5: 5R | B5: Rutaca Airlines | D5: AMS-NLU | E5: Amsterdam | G5: NLU-AMS | H5: Amsterdam | J5: J | K5: 1
A6: 5X | B6: United Parcel Service | D6: ANC-NLU | E6: Anchorage | G6: NLU-ANC | H6: Anchorage | J6: C | K6: 1
A7: 5Y | B7: Atlas Air | D7: ATH-NLU | E7: Atenas | G7: NLU-ATH | H7: Atenas | J7: P | K7: 2
A8: 6R | B8: AeroUnión | D8: ATL-NLU | E8: Atlanta | G8: NLU-ATL | H8: Atlanta | J8: O | K8: 3
A9: AA | B9: American Airlines | D9: AUS-NLU | E9: Austin | G9: NLU-AUS | H9: Austin | J9: I | K9: 3
A10: AC | B10: Air Canada | D10: AZA-NLU | E10: Phoenix | G10: NLU-AZA | H10: Phoenix | J10: G | K10: 1
A11: AF | B11: Air France | D11: BCN-NLU | E11: Barcelona | G11: NLU-BCN | H11: Barcelona | J11: X | K11: 1
A12: AM | B12: Aeromexico | D12: BFI-NLU | E12: Seattle | G12: NLU-BFI | H12: Seattle
A13: AR | B13: Aerolíneas Argentinas | D13: BJX-NLU | E13: Bajío | G13: NLU-BJX | H13: Bajío
A14: AV | B14: Avianca | D14: BOG-NLU | E14: Bogotá | G14: NLU-BOG | H14: Bogotá
A15: AY | B15: Finnair | D15: BRO-NLU | E15: Condado de Cameron | G15: NLU-BRO | H15: Condado de Cameron
A16: BA | B16: British Airways | D16: BUD-NLU | E16: Budapest | G16: NLU-BUD | H16: Budapest
A17: CA | B17: Air China | D17: BWI-NLU | E17: Washington-Baltimore Int Apt | G17: NLU-BWI | H17: Washington-Baltimore Int Apt
A18: CI | B18: China Airlines | D18: CAN-NLU | E18: Canton Baiyun | G18: NLU-CAN | H18: Canton Baiyun
A19: CM | B19: Copa Airlines | D19: CCS-NLU | E19: Caracas | G19: NLU-CCS | H19: Caracas
A20: CV | B20: Cargolux | D20: CDG-NLU | E20: París | G20: NLU-CDG | H20: París
A21: CX | B21: Cathay Pacific | D21: CEN-NLU | E21: Ciudad Obregón | G21: NLU-CEN | H21: Ciudad Obregón
A22: CZ | B22: China Southerrn | D22: CJS-NLU | E22: Ciudad Juárez | G22: NLU-CJS | H22: Ciudad Juárez
A23: DL | B23: Delta Air Lines | D23: CLQ-NLU | E23: Colima | G23: NLU-CLQ | H23: Colima
... A112: GI | B112: Gridiron Air | D112: NLD-NLU | E112: Nuevo Laredo | G112: NLU-NLD | H112: Nuevo Laredo
D113: NLU-NLU | E113: Santa Lucía | G113: NLU-NLU | H113: Santa Lucía
D114: NRT-NLU | E114: Tokyo | G114: NLU-NRT | H114: Tokyo
D115: OAK-NLU | E115: Oakland | G115: NLU-OAK | H115: Oakland
D116: OAX-NLU | E116: Oaxaca | G116: NLU-OAX | H116: Oaxaca
D117: ONT-NLU | E117: Ontario | G117: NLU-ONT | H117: Ontario
D118: ORD-NLU | E118: Chicago | G118: NLU-ORD | H118: Chicago
D119: OSL-NLU | E119: Oslo | G119: NLU-OSL | H119: Oslo
D120: OST-NLU | E120: Oostende Brugge | G120: NLU-OST | H120: Oostende Brugge
D121: PBC-NLU | E121: Puebla | G121: NLU-PBC | H121: Puebla
D122: PBM-NLU | E122: Paramaribo | G122: NLU-PBM | H122: Paramaribo
D123: PDS-NLU | E123: Piedras Negras | G123: NLU-PDS | H123: Piedras Negras
D124: PDX-NLU | E124: Portland | G124: NLU-PDX | H124: Portland
... D237: AEX-NLU | E237: Alexandria, Louisiana | G237: NLU-AEX | H237: Alexandria, Louisiana

Sheet Hoja1
A1: Status | B1: [Arr] Airline code | C1: Aircraft type | D1: [Arr] Flight Designator | E1: [Arr] SIBT | F1: [Arr] Routing | G1: [Arr] Baggage Belts | H1: [Arr] Stand | I1: [Dep] Flight Designator | J1: [Dep] Routing | K1: [Dep] SOBT | L1: [Dep] Service Type | P1: llegadas | Q1: salidas
A2: Last bag | B2: XN | C2: E95 | D2: XN 1765 | E2: 46160.833 | F2: MID-NLU | G2: 1 | H2: 108A | I2: XN 1430 | J2: NLU-GDL | K2: 46162.271 | L2: J | M2: =VLOOKUP(L2,Data!$J$1:$K$13,2,0) -> 1 | N2: =TEXT(E2,"dd/mm/aaaa") -> 18/05/2026 | O2: =TEXT(K2,"dd/mm/aaaa") -> 20/05/2026 | P2: =COUNTIFS($R$2,"="&N2) -> 0 | Q2: =COUNTIFS($R$2,"="&O2) -> 1 | R2: {='Itinerario pasajeros'!A1:J1} -> 46162 | S2: 0 | T2: 0 | U2: 0 | V2: 0 | W2: 0 | X2: 0 | Y2: 0 | Z2: 0 | AA2: 0
A3: Flight activated | B3: VB | C3: 32Q | D3: VB 3677 | E3: 46161.524 | F3: ZIH-NLU | G3: 1 | H3: 132A | I3: VB 7382 | J3: NLU-MTY | K3: 46162.253 | L3: J | M3: =VLOOKUP(L3,Data!$J$1:$K$13,2,0) -> 1 | N3: =TEXT(E3,"dd/mm/aaaa") -> 19/05/2026 | O3: =TEXT(K3,"dd/mm/aaaa") -> 20/05/2026 | P3: =COUNTIFS($R$2,"="&N3) -> 0 | Q3: =COUNTIFS($R$2,"="&O3) -> 1
A4: Flight activated | B4: VB | C4: 32A | D4: VB 7370 | E4: 46161.622 | F4: LAP-NLU | G4: 1 | H4: 107A | I4: VB 9222 | J4: NLU-PXM | K4: 46162.274 | L4: J | M4: =VLOOKUP(L4,Data!$J$1:$K$13,2,0) -> 1 | N4: =TEXT(E4,"dd/mm/aaaa") -> 19/05/2026 | O4: =TEXT(K4,"dd/mm/aaaa") -> 20/05/2026 | P4: =COUNTIFS($R$2,"="&N4) -> 0 | Q4: =COUNTIFS($R$2,"="&O4) -> 1
A5: Flight activated | B5: ZV | C5: CNF | D5: ZV 361 | E5: 46161.712 | F5: CVM-NLU | G5: 1 | H5: 501 | I5: ZV 364 | J5: NLU-CVM | K5: 46162.25 | L5: J | M5: =VLOOKUP(L5,Data!$J$1:$K$13,2,0) -> 1 | N5: =TEXT(E5,"dd/mm/aaaa") -> 19/05/2026 | O5: =TEXT(K5,"dd/mm/aaaa") -> 20/05/2026 | P5: =COUNTIFS($R$2,"="&N5) -> 0 | Q5: =COUNTIFS($R$2,"="&O5) -> 1
A6: Departed from previous airport | B6: VB | C6: 32A | D6: VB 7435 | E6: 46161.844 | F6: VER-NLU | G6: 2 | H6: 505 | I6: VB 9480 | J6: NLU-CEN | K6: 46162.288 | L6: J | M6: =VLOOKUP(L6,Data!$J$1:$K$13,2,0) -> 1 | N6: =TEXT(E6,"dd/mm/aaaa") -> 19/05/2026 | O6: =TEXT(K6,"dd/mm/aaaa") -> 20/05/2026 | P6: =COUNTIFS($R$2,"="&N6) -> 0 | Q6: =COUNTIFS($R$2,"="&O6) -> 1
A7: Flight activated | B7: Y4 | C7: 320 | D7: Y4 7171 | E7: 46161.849 | F7: LAP-NLU | G7: 1 | H7: 109B | I7: Y4 1291 | J7: NLU-GDL | K7: 46162.271 | L7: J | M7: =VLOOKUP(L7,Data!$J$1:$K$13,2,0) -> 1 | N7: =TEXT(E7,"dd/mm/aaaa") -> 19/05/2026 | O7: =TEXT(K7,"dd/mm/aaaa") -> 20/05/2026 | P7: =COUNTIFS($R$2,"="&N7) -> 0 | Q7: =COUNTIFS($R$2,"="&O7) -> 1
A8: Flight activated | B8: Y4 | C8: 32N | D8: Y4 1292 | E8: 46161.852 | F8: GDL-NLU | G8: 1 | H8: 109A | I8: Y4 3960 | J8: NLU-BOG | K8: 46162.025 | L8: J | M8: =VLOOKUP(L8,Data!$J$1:$K$13,2,0) -> 1 | N8: =TEXT(E8,"dd/mm/aaaa") -> 19/05/2026 | O8: =TEXT(K8,"dd/mm/aaaa") -> 20/05/2026 | P8: =COUNTIFS($R$2,"="&N8) -> 0 | Q8: =COUNTIFS($R$2,"="&O8) -> 1
A9: Flight activated | B9: AM | C9: E90 | D9: AM 871 | E9: 46161.863 | F9: VER-NLU | G9: --- | H9: 111A | I9: AM 880 | J9: NLU-PVR | K9: 46162.604 | L9: J | M9: =VLOOKUP(L9,Data!$J$1:$K$13,2,0) -> 1 | N9: =TEXT(E9,"dd/mm/aaaa") -> 19/05/2026 | O9: =TEXT(K9,"dd/mm/aaaa") -> 20/05/2026 | P9: =COUNTIFS($R$2,"="&N9) -> 0 | Q9: =COUNTIFS($R$2,"="&O9) -> 1
A10: Flight activated | B10: VB | C10: 32N | D10: VB 9233 | E10: 46161.944 | F10: MZT-NLU | G10: 1 | H10: 503 | I10: VB 5069 | J10: NLU-TIJ | K10: 46162.25 | L10: J | M10: =VLOOKUP(L10,Data!$J$1:$K$13,2,0) -> 1 | N10: =TEXT(E10,"dd/mm/aaaa") -> 19/05/2026 | O10: =TEXT(K10,"dd/mm/aaaa") -> 20/05/2026 | P10: =COUNTIFS($R$2,"="&N10) -> 0 | Q10: =COUNTIFS($R$2,"="&O10) -> 1
A11: Flight scheduled | B11: XN | C11: 295 | D11: XN 1107 | E11: 46161.955 | F11: MTY-NLU | G11: 3 | H11: 112B | I11: XN 1100 | J11: NLU-MTY | K11: 46162.25 | L11: J | M11: =VLOOKUP(L11,Data!$J$1:$K$13,2,0) -> 1 | N11: =TEXT(E11,"dd/mm/aaaa") -> 19/05/2026 | O11: =TEXT(K11,"dd/mm/aaaa") -> 20/05/2026 | P11: =COUNTIFS($R$2,"="&N11) -> 0 | Q11: =COUNTIFS($R$2,"="&O11) -> 1
A12: Flight scheduled | B12: XN | C12: 295 | D12: XN 1437 | E12: 46161.958 | F12: GDL-NLU | G12: 3 | H12: 108A | I12: XN 1760 | J12: NLU-MID | K12: 46162.285 | L12: J | M12: =VLOOKUP(L12,Data!$J$1:$K$13,2,0) -> 1 | N12: =TEXT(E12,"dd/mm/aaaa") -> 19/05/2026 | O12: =TEXT(K12,"dd/mm/aaaa") -> 20/05/2026 | P12: =COUNTIFS($R$2,"="&N12) -> 0 | Q12: =COUNTIFS($R$2,"="&O12) -> 1
A13: Flight activated | B13: VB | C13: 321 | D13: VB 2288 | E13: 46161.962 | F13: CUN-NLU | G13: 2 | H13: 502 | I13: VB 2281 | J13: NLU-CUN | K13: 46162.264 | L13: J | M13: =VLOOKUP(L13,Data!$J$1:$K$13,2,0) -> 1 | N13: =TEXT(E13,"dd/mm/aaaa") -> 19/05/2026 | O13: =TEXT(K13,"dd/mm/aaaa") -> 20/05/2026 | P13: =COUNTIFS($R$2,"="&N13) -> 0 | Q13: =COUNTIFS($R$2,"="&O13) -> 1
A14: Flight scheduled | B14: E7 | C14: 764/734 | D14: E7 610 | E14: 46161.976 | F14: MID-NLU | G14: --- | H14: 601A | I14: E7 610 | J14: NLU-SLP | K14: 46162.042 | L14: F | M14: =VLOOKUP(L14,Data!$J$1:$K$13,2,0) -> 2 | N14: =TEXT(E14,"dd/mm/aaaa") -> 19/05/2026 | O14: =TEXT(K14,"dd/mm/aaaa") -> 20/05/2026 | P14: =COUNTIFS($R$2,"="&N14) -> 0 | Q14: =COUNTIFS($R$2,"="&O14) -> 1
A15: Flight scheduled | B15: N8 | C15: 74Y | D15: N8 861 | E15: 46161.983 | F15: LAX-NLU | G15: --- | H15: 608 | I15: N8 863 | J15: NLU-JFK | K15: 46162.108 | L15: F | M15: =VLOOKUP(L15,Data!$J$1:$K$13,2,0) -> 2 | N15: =TEXT(E15,"dd/mm/aaaa") -> 19/05/2026 | O15: =TEXT(K15,"dd/mm/aaaa") -> 20/05/2026 | P15: =COUNTIFS($R$2,"="&N15) -> 0 | Q15: =COUNTIFS($R$2,"="&O15) -> 1
A16: Flight scheduled | B16: CV | C16: 74Y | D16: CV 5933 | E16: 46162.007 | F16: GDL-NLU | G16: --- | H16: 607 | I16: CV 5933 | J16: NLU-LUX | K16: 46162.09 | L16: F | M16: =VLOOKUP(L16,Data!$J$1:$K$13,2,0) -> 2 | N16: =TEXT(E16,"dd/mm/aaaa") -> 20/05/2026 | O16: =TEXT(K16,"dd/mm/aaaa") -> 20/05/2026 | P16: =COUNTIFS($R$2,"="&N16) -> 1 | Q16: =COUNTIFS($R$2,"="&O16) -> 1
A17: Flight activated | B17: VB | C17: 321 | D17: VB 5070 | E17: 46162.024 | F17: TIJ-NLU | G17: 2 | H17: 106A | I17: VB 9520 | J17: NLU-GDL | K17: 46162.25 | L17: J | M17: =VLOOKUP(L17,Data!$J$1:$K$13,2,0) -> 1 | N17: =TEXT(E17,"dd/mm/aaaa") -> 20/05/2026 | O17: =TEXT(K17,"dd/mm/aaaa") -> 20/05/2026 | P17: =COUNTIFS($R$2,"="&N17) -> 1 | Q17: =COUNTIFS($R$2,"="&O17) -> 1
A18: Flight scheduled | B18: 6R | C18: 333 | D18: 6R 7081 | E18: 46162.092 | F18: GDL-NLU | G18: --- | H18: 606 | I18: 6R 7081 | J18: NLU-BOG | K18: 46162.155 | L18: F | M18: =VLOOKUP(L18,Data!$J$1:$K$13,2,0) -> 2 | N18: =TEXT(E18,"dd/mm/aaaa") -> 20/05/2026 | O18: =TEXT(K18,"dd/mm/aaaa") -> 20/05/2026 | P18: =COUNTIFS($R$2,"="&N18) -> 1 | Q18: =COUNTIFS($R$2,"="&O18) -> 1
A19: Flight activated | B19: AF | C19: 77F | D19: AF 6720 | E19: 46162.128 | F19: CDG-NLU | G19: --- | H19: 609 | I19: AF 6721 | J19: NLU-GDL | K19: 46162.295 | L19: F | M19: =VLOOKUP(L19,Data!$J$1:$K$13,2,0) -> 2 | N19: =TEXT(E19,"dd/mm/aaaa") -> 20/05/2026 | O19: =TEXT(K19,"dd/mm/aaaa") -> 20/05/2026 | P19: =COUNTIFS($R$2,"="&N19) -> 1 | Q19: =COUNTIFS($R$2,"="&O19) -> 1
A20: Flight scheduled | B20: E7 | C20: 734 | D20: E7 615 | E20: 46162.208 | F20: SLP-NLU | G20: --- | H20: 601A | I20: E7 615 | J20: NLU-MID | K20: 46162.229 | L20: F | M20: =VLOOKUP(L20,Data!$J$1:$K$13,2,0) -> 2 | N20: =TEXT(E20,"dd/mm/aaaa") -> 20/05/2026 | O20: =TEXT(K20,"dd/mm/aaaa") -> 20/05/2026 | P20: =COUNTIFS($R$2,"="&N20) -> 1 | Q20: =COUNTIFS($R$2,"="&O20) -> 1
A21: Flight scheduled | B21: XN | C21: E95 | D21: XN 1205 | E21: 46162.229 | F21: TIJ-NLU | G21: 3 | H21: 108B | I21: XN 1780 | J21: NLU-TQO | K21: 46162.368 | L21: J | M21: =VLOOKUP(L21,Data!$J$1:$K$13,2,0) -> 1 | N21: =TEXT(E21,"dd/mm/aaaa") -> 20/05/2026 | O21: =TEXT(K21,"dd/mm/aaaa") -> 20/05/2026 | P21: =COUNTIFS($R$2,"="&N21) -> 1 | Q21: =COUNTIFS($R$2,"="&O21) -> 1
A22: Flight scheduled | B22: CZ | C22: 772 | D22: CZ 2521 | E22: 46162.257 | F22: ANC-NLU | G22: --- | H22: 608 | I22: CZ 2522 | J22: NLU-PVG | K22: 46162.361 | L22: F | M22: =VLOOKUP(L22,Data!$J$1:$K$13,2,0) -> 2 | N22: =TEXT(E22,"dd/mm/aaaa") -> 20/05/2026 | O22: =TEXT(K22,"dd/mm/aaaa") -> 20/05/2026 | P22: =COUNTIFS($R$2,"="&N22) -> 1 | Q22: =COUNTIFS($R$2,"="&O22) -> 1
A23: Flight scheduled | B23: 5X | C23: 763 | D23: 5X 320 | E23: 46162.266 | F23: SDF-NLU | G23: --- | H23: 602A | I23: 5X 321 | J23: NLU-SDF | K23: 46162.818 | L23: F | M23: =VLOOKUP(L23,Data!$J$1:$K$13,2,0) -> 2 | N23: =TEXT(E23,"dd/mm/aaaa") -> 20/05/2026 | O23: =TEXT(K23,"dd/mm/aaaa") -> 20/05/2026 | P23: =COUNTIFS($R$2,"="&N23) -> 1 | Q23: =COUNTIFS($R$2,"="&O23) -> 1
A24: Flight activated | B24: AC | C24: 764 | D24: AC 7246 | E24: 46162.292 | F24: YYZ-NLU | G24: --- | H24: 601B | I24: AC 7246 | J24: NLU-GDL | K24: 46162.375 | L24: F | M24: =VLOOKUP(L24,Data!$J$1:$K$13,2,0) -> 2 | N24: =TEXT(E24,"dd/mm/aaaa") -> 20/05/2026 | O24: =TEXT(K24,"dd/mm/aaaa") -> 20/05/2026 | P24: =COUNTIFS($R$2,"="&N24) -> 1 | Q24: =COUNTIFS($R$2,"="&O24) -> 1
A25: Flight scheduled | B25: VB | C25: 32A | D25: VB 2272 | E25: 46162.312 | F25: CUN-NLU | G25: 1 | H25: 107B | I25: VB 2273 | J25: NLU-CUN | K25: 46162.354 | L25: J | M25: =VLOOKUP(L25,Data!$J$1:$K$13,2,0) -> 1 | N25: =TEXT(E25,"dd/mm/aaaa") -> 20/05/2026 | O25: =TEXT(K25,"dd/mm/aaaa") -> 20/05/2026 | P25: =COUNTIFS($R$2,"="&N25) -> 1 | Q25: =COUNTIFS($R$2,"="&O25) -> 1
A26: Flight scheduled | B26: VB | C26: 32A | D26: VB 7344 | E26: 46162.312 | F26: BJX-NLU | G26: 2 | H26: 502 | I26: VB 7344 | J26: NLU-CUU | K26: 46162.337 | L26: J | M26: =VLOOKUP(L26,Data!$J$1:$K$13,2,0) -> 1 | N26: =TEXT(E26,"dd/mm/aaaa") -> 20/05/2026 | O26: =TEXT(K26,"dd/mm/aaaa") -> 20/05/2026 | P26: =COUNTIFS($R$2,"="&N26) -> 1 | Q26: =COUNTIFS($R$2,"="&O26) -> 1
A27: Flight scheduled | B27: VB | C27: 320 | D27: VB 7332 | E27: 46162.312 | F27: MTY-NLU | G27: 1 | H27: 107A | I27: VB 7332 | J27: NLU-VSA | K27: 46162.337 | L27: J | M27: =VLOOKUP(L27,Data!$J$1:$K$13,2,0) -> 1 | N27: =TEXT(E27,"dd/mm/aaaa") -> 20/05/2026 | O27: =TEXT(K27,"dd/mm/aaaa") -> 20/05/2026 | P27: =COUNTIFS($R$2,"="&N27) -> 1 | Q27: =COUNTIFS($R$2,"="&O27) -> 1
A28: Flight scheduled | B28: VB | C28: 321 | D28: VB 7350 | E28: 46162.333 | F28: MID-NLU | G28: 2 | H28: 503 | I28: VB 7350 | J28: NLU-PVR | K28: 46162.361 | L28: J | M28: =VLOOKUP(L28,Data!$J$1:$K$13,2,0) -> 1 | N28: =TEXT(E28,"dd/mm/aaaa") -> 20/05/2026 | O28: =TEXT(K28,"dd/mm/aaaa") -> 20/05/2026 | P28: =COUNTIFS($R$2,"="&N28) -> 1 | Q28: =COUNTIFS($R$2,"="&O28) -> 1
A29: Flight scheduled | B29: AM | C29: E90 | D29: AM 2469 | E29: 46162.337 | F29: DGO-NLU | G29: 3 | H29: 110B | I29: AM 2436 | J29: NLU-CLQ | K29: 46162.369 | L29: J | M29: =VLOOKUP(L29,Data!$J$1:$K$13,2,0) -> 1 | N29: =TEXT(E29,"dd/mm/aaaa") -> 20/05/2026 | O29: =TEXT(K29,"dd/mm/aaaa") -> 20/05/2026 | P29: =COUNTIFS($R$2,"="&N29) -> 1 | Q29: =COUNTIFS($R$2,"="&O29) -> 1
A30: Flight scheduled | B30: W8 | C30: 76Y | D30: W8 952 | E30: 46162.354 | F30: CVG-NLU | G30: --- | H30: 601A | I30: W8 951 | J30: NLU-CVG | K30: 46162.833 | L30: F | M30: =VLOOKUP(L30,Data!$J$1:$K$13,2,0) -> 2 | N30: =TEXT(E30,"dd/mm/aaaa") -> 20/05/2026 | O30: =TEXT(K30,"dd/mm/aaaa") -> 20/05/2026 | P30: =COUNTIFS($R$2,"="&N30) -> 1 | Q30: =COUNTIFS($R$2,"="&O30) -> 1
A31: Flight scheduled | B31: 5Y | C31: 74Y/744 | D31: 5Y 8174 | E31: 46162.358 | F31: ANC-NLU | G31: --- | H31: 607 | I31: 5Y 8174 | J31: NLU-LAX | K31: 46162.441 | L31: F | M31: =VLOOKUP(L31,Data!$J$1:$K$13,2,0) -> 2 | N31: =TEXT(E31,"dd/mm/aaaa") -> 20/05/2026 | O31: =TEXT(K31,"dd/mm/aaaa") -> 20/05/2026 | P31: =COUNTIFS($R$2,"="&N31) -> 1 | Q31: =COUNTIFS($R$2,"="&O31) -> 1
A32: Flight scheduled | B32: VB | C32: 321 | D32: VB 9521 | E32: 46162.378 | F32: GDL-NLU | G32: 1 | H32: 115B | I32: VB 3676 | J32: NLU-ZIH | K32: 46162.41 | L32: J | M32: =VLOOKUP(L32,Data!$J$1:$K$13,2,0) -> 1 | N32: =TEXT(E32,"dd/mm/aaaa") -> 20/05/2026 | O32: =TEXT(K32,"dd/mm/aaaa") -> 20/05/2026 | P32: =COUNTIFS($R$2,"="&N32) -> 1 | Q32: =COUNTIFS($R$2,"="&O32) -> 1
A33: Flight scheduled | B33: XN | C33: 295 | D33: XN 1431 | E33: 46162.396 | F33: GDL-NLU | G33: 1 | H33: 108B | I33: XN 1700 | J33: NLU-CPE | K33: 46162.438 | L33: J | M33: =VLOOKUP(L33,Data!$J$1:$K$13,2,0) -> 1 | N33: =TEXT(E33,"dd/mm/aaaa") -> 20/05/2026 | O33: =TEXT(K33,"dd/mm/aaaa") -> 20/05/2026 | P33: =COUNTIFS($R$2,"="&N33) -> 1 | Q33: =COUNTIFS($R$2,"="&O33) -> 1
A34: Flight scheduled | B34: VB | C34: 32A | D34: VB 9223 | E34: 46162.403 | F34: PXM-NLU | G34: 2 | H34: 106B | I34: VB 9294 | J34: NLU-HUX | K34: 46162.434 | L34: J | M34: =VLOOKUP(L34,Data!$J$1:$K$13,2,0) -> 1 | N34: =TEXT(E34,"dd/mm/aaaa") -> 20/05/2026 | O34: =TEXT(K34,"dd/mm/aaaa") -> 20/05/2026 | P34: =COUNTIFS($R$2,"="&N34) -> 1 | Q34: =COUNTIFS($R$2,"="&O34) -> 1
A35: Flight scheduled | B35: XN | C35: 295 | D35: XN 1101 | E35: 46162.403 | F35: MTY-NLU | G35: 3 | H35: 108A | I35: XN 1142 | J35: NLU-CVM | K35: 46162.458 | L35: J | M35: =VLOOKUP(L35,Data!$J$1:$K$13,2,0) -> 1 | N35: =TEXT(E35,"dd/mm/aaaa") -> 20/05/2026 | O35: =TEXT(K35,"dd/mm/aaaa") -> 20/05/2026 | P35: =COUNTIFS($R$2,"="&N35) -> 1 | Q35: =COUNTIFS($R$2,"="&O35) -> 1
A36: Flight activated | B36: Y4 | C36: 320 | D36: Y4 1290 | E36: 46162.404 | F36: GDL-NLU | G36: 2 | H36: 109A | I36: Y4 3533 | J36: NLU-CUN | K36: 46162.463 | L36: J | M36: =VLOOKUP(L36,Data!$J$1:$K$13,2,0) -> 1 | N36: =TEXT(E36,"dd/mm/aaaa") -> 20/05/2026 | O36: =TEXT(K36,"dd/mm/aaaa") -> 20/05/2026 | P36: =COUNTIFS($R$2,"="&N36) -> 1 | Q36: =COUNTIFS($R$2,"="&O36) -> 1
A37: Flight scheduled | B37: VB | C37: 32Q | D37: VB 9401 | E37: 46162.41 | F37: MTY-NLU | G37: 2 | H37: 107A | I37: VB 9402 | J37: NLU-MTY | K37: 46162.441 | L37: J | M37: =VLOOKUP(L37,Data!$J$1:$K$13,2,0) -> 1 | N37: =TEXT(E37,"dd/mm/aaaa") -> 20/05/2026 | O37: =TEXT(K37,"dd/mm/aaaa") -> 20/05/2026 | P37: =COUNTIFS($R$2,"="&N37) -> 1 | Q37: =COUNTIFS($R$2,"="&O37) -> 1
A38: Flight scheduled | B38: AM | C38: E90 | D38: AM 2041 | E38: 46162.42 | F38: OAX-NLU | G38: 3 | H38: 110A | I38: AM 2042 | J38: NLU-OAX | K38: 46162.448 | L38: J | M38: =VLOOKUP(L38,Data!$J$1:$K$13,2,0) -> 1 | N38: =TEXT(E38,"dd/mm/aaaa") -> 20/05/2026 | O38: =TEXT(K38,"dd/mm/aaaa") -> 20/05/2026 | P38: =COUNTIFS($R$2,"="&N38) -> 1 | Q38: =COUNTIFS($R$2,"="&O38) -> 1
A39: Flight scheduled | B39: VB | C39: 321 | D39: VB 7428 | E39: 46162.427 | F39: TIJ-NLU | G39: 1 | H39: 106A | I39: VB 7428 | J39: NLU-TGZ | K39: 46162.455 | L39: J | M39: =VLOOKUP(L39,Data!$J$1:$K$13,2,0) -> 1 | N39: =TEXT(E39,"dd/mm/aaaa") -> 20/05/2026 | O39: =TEXT(K39,"dd/mm/aaaa") -> 20/05/2026 | P39: =COUNTIFS($R$2,"="&N39) -> 1 | Q39: =COUNTIFS($R$2,"="&O39) -> 1
A40: Flight scheduled | B40: VB | C40: 321 | D40: VB 7442 | E40: 46162.458 | F40: SJD-NLU | G40: 1 | H40: 107B | I40: VB 7442 | J40: NLU-CUN | K40: 46162.49 | L40: J | M40: =VLOOKUP(L40,Data!$J$1:$K$13,2,0) -> 1 | N40: =TEXT(E40,"dd/mm/aaaa") -> 20/05/2026 | O40: =TEXT(K40,"dd/mm/aaaa") -> 20/05/2026 | P40: =COUNTIFS($R$2,"="&N40) -> 1 | Q40: =COUNTIFS($R$2,"="&O40) -> 1
A41: Flight scheduled | B41: M7 | C41: 333 | D41: M7 6813 | E41: 46162.462 | F41: GDL-NLU | G41: --- | H41: 606 | I41: M7 6333 | J41: NLU-BOG | K41: 46162.545 | L41: F | M41: =VLOOKUP(L41,Data!$J$1:$K$13,2,0) -> 2 | N41: =TEXT(E41,"dd/mm/aaaa") -> 20/05/2026 | O41: =TEXT(K41,"dd/mm/aaaa") -> 20/05/2026 | P41: =COUNTIFS($R$2,"="&N41) -> 1 | Q41: =COUNTIFS($R$2,"="&O41) -> 1
A42: Flight activated | B42: Y4 | C42: 32N | D42: Y4 3961 | E42: 46162.462 | F42: BOG-NLU | G42: 6 | H42: 114A | I42: Y4 7120 | J42: NLU-SJD | K42: 46162.506 | L42: J | M42: =VLOOKUP(L42,Data!$J$1:$K$13,2,0) -> 1 | N42: =TEXT(E42,"dd/mm/aaaa") -> 20/05/2026 | O42: =TEXT(K42,"dd/mm/aaaa") -> 20/05/2026 | P42: =COUNTIFS($R$2,"="&N42) -> 1 | Q42: =COUNTIFS($R$2,"="&O42) -> 1
A43: Flight scheduled | B43: XN | C43: 295 | D43: XN 1761 | E43: 46162.465 | F43: MID-NLU | G43: 1 | H43: 108B | I43: XN 1992 | J43: NLU-IZT | K43: 46162.507 | L43: J | M43: =VLOOKUP(L43,Data!$J$1:$K$13,2,0) -> 1 | N43: =TEXT(E43,"dd/mm/aaaa") -> 20/05/2026 | O43: =TEXT(K43,"dd/mm/aaaa") -> 20/05/2026 | P43: =COUNTIFS($R$2,"="&N43) -> 1 | Q43: =COUNTIFS($R$2,"="&O43) -> 1
A44: Flight scheduled | B44: K4 | C44: 744 | D44: K4 819 | E44: 46162.479 | F44: ANC-NLU | G44: --- | H44: 608 | I44: K4 810 | J44: NLU-ANC | K44: 46162.562 | L44: F | M44: =VLOOKUP(L44,Data!$J$1:$K$13,2,0) -> 2 | N44: =TEXT(E44,"dd/mm/aaaa") -> 20/05/2026 | O44: =TEXT(K44,"dd/mm/aaaa") -> 20/05/2026 | P44: =COUNTIFS($R$2,"="&N44) -> 1 | Q44: =COUNTIFS($R$2,"="&O44) -> 1
A45: Flight scheduled | B45: VB | C45: 321 | D45: VB 7416 | E45: 46162.486 | F45: CUN-NLU | G45: 1 | H45: 115B | I45: VB 7416 | J45: NLU-CUL | K45: 46162.517 | L45: J | M45: =VLOOKUP(L45,Data!$J$1:$K$13,2,0) -> 1 | N45: =TEXT(E45,"dd/mm/aaaa") -> 20/05/2026 | O45: =TEXT(K45,"dd/mm/aaaa") -> 20/05/2026 | P45: =COUNTIFS($R$2,"="&N45) -> 1 | Q45: =COUNTIFS($R$2,"="&O45) -> 1
A46: Flight scheduled | B46: VB | C46: 320 | D46: VB 7333 | E46: 46162.493 | F46: VSA-NLU | G46: 1 | H46: 505 | I46: VB 7333 | J46: NLU-MTY | K46: 46162.517 | L46: J | M46: =VLOOKUP(L46,Data!$J$1:$K$13,2,0) -> 1 | N46: =TEXT(E46,"dd/mm/aaaa") -> 20/05/2026 | O46: =TEXT(K46,"dd/mm/aaaa") -> 20/05/2026 | P46: =COUNTIFS($R$2,"="&N46) -> 1 | Q46: =COUNTIFS($R$2,"="&O46) -> 1
A47: Flight scheduled | B47: VB | C47: 32Q | D47: VB 7446 | E47: 46162.497 | F47: HMO-NLU | G47: 3 | H47: 106A | I47: VB 7446 | J47: NLU-TQO | K47: 46162.528 | L47: J | M47: =VLOOKUP(L47,Data!$J$1:$K$13,2,0) -> 1 | N47: =TEXT(E47,"dd/mm/aaaa") -> 20/05/2026 | O47: =TEXT(K47,"dd/mm/aaaa") -> 20/05/2026 | P47: =COUNTIFS($R$2,"="&N47) -> 1 | Q47: =COUNTIFS($R$2,"="&O47) -> 1
A48: Flight scheduled | B48: AM | C48: 738 | D48: AM 591 | E48: 46162.5 | F48: CUN-NLU | G48: 3 | H48: 110A | I48: AM 596 | J48: NLU-CUN | K48: 46162.595 | L48: J | M48: =VLOOKUP(L48,Data!$J$1:$K$13,2,0) -> 1 | N48: =TEXT(E48,"dd/mm/aaaa") -> 20/05/2026 | O48: =TEXT(K48,"dd/mm/aaaa") -> 20/05/2026 | P48: =COUNTIFS($R$2,"="&N48) -> 1 | Q48: =COUNTIFS($R$2,"="&O48) -> 1
A49: Flight scheduled | B49: AM | C49: E90 | D49: AM 2437 | E49: 46162.5 | F49: CLQ-NLU | G49: 3 | H49: 110B | I49: AM 878 | J49: NLU-MID | K49: 46162.531 | L49: J | M49: =VLOOKUP(L49,Data!$J$1:$K$13,2,0) -> 1 | N49: =TEXT(E49,"dd/mm/aaaa") -> 20/05/2026 | O49: =TEXT(K49,"dd/mm/aaaa") -> 20/05/2026 | P49: =COUNTIFS($R$2,"="&N49) -> 1 | Q49: =COUNTIFS($R$2,"="&O49) -> 1
A50: Flight scheduled | B50: VB | C50: 32A | D50: VB 9481 | E50: 46162.503 | F50: CEN-NLU | G50: 2 | H50: 112A | I50: VB 9532 | J50: NLU-MAM | K50: 46162.538 | L50: J | M50: =VLOOKUP(L50,Data!$J$1:$K$13,2,0) -> 1 | N50: =TEXT(E50,"dd/mm/aaaa") -> 20/05/2026 | O50: =TEXT(K50,"dd/mm/aaaa") -> 20/05/2026 | P50: =COUNTIFS($R$2,"="&N50) -> 1 | Q50: =COUNTIFS($R$2,"="&O50) -> 1
A51: Flight scheduled | B51: ZV | C51: CNF | D51: ZV 365 | E51: 46162.503 | F51: CVM-NLU | G51: 1 | H51: 501 | I51: ZV 360 | J51: NLU-CVM | K51: 46162.535 | L51: J | M51: =VLOOKUP(L51,Data!$J$1:$K$13,2,0) -> 1 | N51: =TEXT(E51,"dd/mm/aaaa") -> 20/05/2026 | O51: =TEXT(K51,"dd/mm/aaaa") -> 20/05/2026 | P51: =COUNTIFS($R$2,"="&N51) -> 1 | Q51: =COUNTIFS($R$2,"="&O51) -> 1
A52: Flight scheduled | B52: VB | C52: 321 | D52: VB 7351 | E52: 46162.514 | F52: PVR-NLU | G52: 2 | H52: 107A | I52: VB 7351 | J52: NLU-MID | K52: 46162.542 | L52: J | M52: =VLOOKUP(L52,Data!$J$1:$K$13,2,0) -> 1 | N52: =TEXT(E52,"dd/mm/aaaa") -> 20/05/2026 | O52: =TEXT(K52,"dd/mm/aaaa") -> 20/05/2026 | P52: =COUNTIFS($R$2,"="&N52) -> 1 | Q52: =COUNTIFS($R$2,"="&O52) -> 1
A53: Flight scheduled | B53: VB | C53: 321 | D53: VB 3677 | E53: 46162.524 | F53: ZIH-NLU | G53: 1 | H53: 112B | I53: VB 9404 | J53: NLU-MTY | K53: 46162.618 | L53: J | M53: =VLOOKUP(L53,Data!$J$1:$K$13,2,0) -> 1 | N53: =TEXT(E53,"dd/mm/aaaa") -> 20/05/2026 | O53: =TEXT(K53,"dd/mm/aaaa") -> 20/05/2026 | P53: =COUNTIFS($R$2,"="&N53) -> 1 | Q53: =COUNTIFS($R$2,"="&O53) -> 1
A54: Flight scheduled | B54: VB | C54: 320 | D54: VB 7040 | E54: 46162.524 | F54: CUN-NLU | G54: 2 | H54: 504 | I54: VB 7040 | J54: NLU-SLP | K54: 46162.549 | L54: J | M54: =VLOOKUP(L54,Data!$J$1:$K$13,2,0) -> 1 | N54: =TEXT(E54,"dd/mm/aaaa") -> 20/05/2026 | O54: =TEXT(K54,"dd/mm/aaaa") -> 20/05/2026 | P54: =COUNTIFS($R$2,"="&N54) -> 1 | Q54: =COUNTIFS($R$2,"="&O54) -> 1
A55: Flight scheduled | B55: VB | C55: 32A | D55: VB 7345 | E55: 46162.542 | F55: CUU-NLU | G55: 1 | H55: 503 | I55: VB 7345 | J55: NLU-BJX | K55: 46162.566 | L55: J | M55: =VLOOKUP(L55,Data!$J$1:$K$13,2,0) -> 1 | N55: =TEXT(E55,"dd/mm/aaaa") -> 20/05/2026 | O55: =TEXT(K55,"dd/mm/aaaa") -> 20/05/2026 | P55: =COUNTIFS($R$2,"="&N55) -> 1 | Q55: =COUNTIFS($R$2,"="&O55) -> 1
A56: Flight scheduled | B56: XN | C56: 295 | D56: XN 1781 | E56: 46162.566 | F56: TQO-NLU | G56: 1 | H56: 108B | I56: XN 1436 | J56: NLU-GDL | K56: 46162.833 | L56: J | M56: =VLOOKUP(L56,Data!$J$1:$K$13,2,0) -> 1 | N56: =TEXT(E56,"dd/mm/aaaa") -> 20/05/2026 | O56: =TEXT(K56,"dd/mm/aaaa") -> 20/05/2026 | P56: =COUNTIFS($R$2,"="&N56) -> 1 | Q56: =COUNTIFS($R$2,"="&O56) -> 1
A57: Flight scheduled | B57: VB | C57: 32A | D57: VB 9295 | E57: 46162.573 | F57: HUX-NLU | G57: 2 | H57: 107B | I57: VB 9220 | J57: NLU-PXM | K57: 46162.625 | L57: J | M57: =VLOOKUP(L57,Data!$J$1:$K$13,2,0) -> 1 | N57: =TEXT(E57,"dd/mm/aaaa") -> 20/05/2026 | O57: =TEXT(K57,"dd/mm/aaaa") -> 20/05/2026 | P57: =COUNTIFS($R$2,"="&N57) -> 1 | Q57: =COUNTIFS($R$2,"="&O57) -> 1
A58: Flight scheduled | B58: XN | C58: 295 | D58: XN 1143 | E58: 46162.59 | F58: CVM-NLU | G58: 1 | H58: 108A | I58: XN 1106 | J58: NLU-MTY | K58: 46162.806 | L58: J | M58: =VLOOKUP(L58,Data!$J$1:$K$13,2,0) -> 1 | N58: =TEXT(E58,"dd/mm/aaaa") -> 20/05/2026 | O58: =TEXT(K58,"dd/mm/aaaa") -> 20/05/2026 | P58: =COUNTIFS($R$2,"="&N58) -> 1 | Q58: =COUNTIFS($R$2,"="&O58) -> 1
A59: Flight scheduled | B59: 6R | C59: 333 | D59: 6R 4260 | E59: 46162.59 | F59: BOG-NLU | G59: --- | H59: 607 | I59: 6R 4260 | J59: NLU-LAX | K59: 46162.66 | L59: F | M59: =VLOOKUP(L59,Data!$J$1:$K$13,2,0) -> 2 | N59: =TEXT(E59,"dd/mm/aaaa") -> 20/05/2026 | O59: =TEXT(K59,"dd/mm/aaaa") -> 20/05/2026 | P59: =COUNTIFS($R$2,"="&N59) -> 1 | Q59: =COUNTIFS($R$2,"="&O59) -> 1
A60: Flight scheduled | B60: CX | C60: 74N | D60: CX 096 | E60: 46162.594 | F60: ANC-NLU | G60: --- | H60: 609 | I60: CX 097 | J60: NLU-GDL | K60: 46162.677 | L60: F | M60: =VLOOKUP(L60,Data!$J$1:$K$13,2,0) -> 2 | N60: =TEXT(E60,"dd/mm/aaaa") -> 20/05/2026 | O60: =TEXT(K60,"dd/mm/aaaa") -> 20/05/2026 | P60: =COUNTIFS($R$2,"="&N60) -> 1 | Q60: =COUNTIFS($R$2,"="&O60) -> 1
A61: Flight scheduled | B61: VB | C61: 32Q | D61: VB 7383 | E61: 46162.597 | F61: MTY-NLU | G61: 1 | H61: 112A | I61: VB 7371 | J61: NLU-LAP | K61: 46162.653 | L61: J | M61: =VLOOKUP(L61,Data!$J$1:$K$13,2,0) -> 1 | N61: =TEXT(E61,"dd/mm/aaaa") -> 20/05/2026 | O61: =TEXT(K61,"dd/mm/aaaa") -> 20/05/2026 | P61: =COUNTIFS($R$2,"="&N61) -> 1 | Q61: =COUNTIFS($R$2,"="&O61) -> 1
A62: Flight scheduled | B62: L3 | C62: 75F | D62: L3 5218 | E62: 46162.608 | F62: GUA-NLU | G62: --- | H62: 604A | I62: L3 5217 | J62: NLU-GUA | K62: 46162.67 | L62: F | M62: =VLOOKUP(L62,Data!$J$1:$K$13,2,0) -> 2 | N62: =TEXT(E62,"dd/mm/aaaa") -> 20/05/2026 | O62: =TEXT(K62,"dd/mm/aaaa") -> 20/05/2026 | P62: =COUNTIFS($R$2,"="&N62) -> 1 | Q62: =COUNTIFS($R$2,"="&O62) -> 1
A63: Flight scheduled | B63: XN | C63: 295 | D63: XN 1701 | E63: 46162.611 | F63: CPE-NLU | G63: 3 | H63: 109B | L63: J | M63: =VLOOKUP(L63,Data!$J$1:$K$13,2,0) -> 1 | N63: =TEXT(E63,"dd/mm/aaaa") -> 20/05/2026 | O63: =TEXT(K63,"dd/mm/aaaa") -> 00/01/1900 | P63: =COUNTIFS($R$2,"="&N63) -> 1 | Q63: =COUNTIFS($R$2,"="&O63) -> 0
A64: Flight scheduled | B64: VB | C64: 321 | D64: VB 7060 | E64: 46162.622 | F64: CUN-NLU | G64: 2 | H64: 502 | I64: VB 7060 | J64: NLU-SLW | K64: 46162.653 | L64: J | M64: =VLOOKUP(L64,Data!$J$1:$K$13,2,0) -> 1 | N64: =TEXT(E64,"dd/mm/aaaa") -> 20/05/2026 | O64: =TEXT(K64,"dd/mm/aaaa") -> 20/05/2026 | P64: =COUNTIFS($R$2,"="&N64) -> 1 | Q64: =COUNTIFS($R$2,"="&O64) -> 1
A65: Flight scheduled | B65: VB | C65: 32N | D65: VB 7370 | E65: 46162.622 | F65: LAP-NLU | G65: 3 | H65: 107A | I65: VB 9450 | J65: NLU-NLD | K65: 46162.653 | L65: J | M65: =VLOOKUP(L65,Data!$J$1:$K$13,2,0) -> 1 | N65: =TEXT(E65,"dd/mm/aaaa") -> 20/05/2026 | O65: =TEXT(K65,"dd/mm/aaaa") -> 20/05/2026 | P65: =COUNTIFS($R$2,"="&N65) -> 1 | Q65: =COUNTIFS($R$2,"="&O65) -> 1
A66: Flight scheduled | B66: VB | C66: 321 | D66: VB 7429 | E66: 46162.622 | F66: TGZ-NLU | G66: 2 | H66: 115B | I66: VB 7429 | J66: NLU-TIJ | K66: 46162.649 | L66: J | M66: =VLOOKUP(L66,Data!$J$1:$K$13,2,0) -> 1 | N66: =TEXT(E66,"dd/mm/aaaa") -> 20/05/2026 | O66: =TEXT(K66,"dd/mm/aaaa") -> 20/05/2026 | P66: =COUNTIFS($R$2,"="&N66) -> 1 | Q66: =COUNTIFS($R$2,"="&O66) -> 1
A67: Flight scheduled | B67: M6 | C67: 76Y | D67: M6 733 | E67: 46162.625 | F67: MIA-NLU | G67: --- | H67: 601B | I67: M6 732 | J67: NLU-MIA | K67: 46162.708 | L67: F | M67: =VLOOKUP(L67,Data!$J$1:$K$13,2,0) -> 2 | N67: =TEXT(E67,"dd/mm/aaaa") -> 20/05/2026 | O67: =TEXT(K67,"dd/mm/aaaa") -> 20/05/2026 | P67: =COUNTIFS($R$2,"="&N67) -> 1 | Q67: =COUNTIFS($R$2,"="&O67) -> 1
A68: Flight scheduled | B68: XN | C68: 295 | D68: XN 1993 | E68: 46162.646 | F68: IZT-NLU | G68: 1 | H68: 112B | I68: XN 1204 | J68: NLU-TIJ | K68: 46162.913 | L68: J | M68: =VLOOKUP(L68,Data!$J$1:$K$13,2,0) -> 1 | N68: =TEXT(E68,"dd/mm/aaaa") -> 20/05/2026 | O68: =TEXT(K68,"dd/mm/aaaa") -> 20/05/2026 | P68: =COUNTIFS($R$2,"="&N68) -> 1 | Q68: =COUNTIFS($R$2,"="&O68) -> 1
A69: Flight scheduled | B69: CZ | C69: 77F | D69: CZ 2661 | E69: 46162.663 | F69: ANC-NLU | G69: --- | H69: 608 | I69: CZ 2662 | J69: NLU-PVG | K69: 46162.747 | L69: F | M69: =VLOOKUP(L69,Data!$J$1:$K$13,2,0) -> 2 | N69: =TEXT(E69,"dd/mm/aaaa") -> 20/05/2026 | O69: =TEXT(K69,"dd/mm/aaaa") -> 20/05/2026 | P69: =COUNTIFS($R$2,"="&N69) -> 1 | Q69: =COUNTIFS($R$2,"="&O69) -> 1
A70: Flight scheduled | B70: DM | C70: 7M8 | D70: DM 7100 | E70: 46162.671 | F70: PUJ-NLU | G70: 6 | H70: 114A | I70: DM 7101 | J70: NLU-PUJ | K70: 46162.713 | L70: J | M70: =VLOOKUP(L70,Data!$J$1:$K$13,2,0) -> 1 | N70: =TEXT(E70,"dd/mm/aaaa") -> 20/05/2026 | O70: =TEXT(K70,"dd/mm/aaaa") -> 20/05/2026 | P70: =COUNTIFS($R$2,"="&N70) -> 1 | Q70: =COUNTIFS($R$2,"="&O70) -> 1
A71: Flight scheduled | B71: VB | C71: 320 | D71: VB 7041 | E71: 46162.677 | F71: SLP-NLU | G71: 1 | H71: 503 | I71: VB 7041 | J71: NLU-CUN | K71: 46162.701 | L71: J | M71: =VLOOKUP(L71,Data!$J$1:$K$13,2,0) -> 1 | N71: =TEXT(E71,"dd/mm/aaaa") -> 20/05/2026 | O71: =TEXT(K71,"dd/mm/aaaa") -> 20/05/2026 | P71: =COUNTIFS($R$2,"="&N71) -> 1 | Q71: =COUNTIFS($R$2,"="&O71) -> 1
A72: Flight scheduled | B72: Y4 | C72: 32N | D72: Y4 3532 | E72: 46162.68 | F72: CUN-NLU | G72: 2 | H72: 109A | I72: Y4 1293 | J72: NLU-GDL | K72: 46162.719 | L72: J | M72: =VLOOKUP(L72,Data!$J$1:$K$13,2,0) -> 1 | N72: =TEXT(E72,"dd/mm/aaaa") -> 20/05/2026 | O72: =TEXT(K72,"dd/mm/aaaa") -> 20/05/2026 | P72: =COUNTIFS($R$2,"="&N72) -> 1 | Q72: =COUNTIFS($R$2,"="&O72) -> 1
A73: Flight scheduled | B73: VB | C73: 32A | D73: VB 9533 | E73: 46162.684 | F73: MAM-NLU | G73: 1 | H73: 505 | I73: VB 9522 | J73: NLU-GDL | K73: 46162.708 | L73: J | M73: =VLOOKUP(L73,Data!$J$1:$K$13,2,0) -> 1 | N73: =TEXT(E73,"dd/mm/aaaa") -> 20/05/2026 | O73: =TEXT(K73,"dd/mm/aaaa") -> 20/05/2026 | P73: =COUNTIFS($R$2,"="&N73) -> 1 | Q73: =COUNTIFS($R$2,"="&O73) -> 1
A74: Flight scheduled | B74: LH | C74: 77X | D74: LH 8224 | E74: 46162.691 | F74: FRA-NLU | G74: --- | H74: 606 | I74: LH 8225 | J74: NLU-GDL | K74: 46162.778 | L74: F | M74: =VLOOKUP(L74,Data!$J$1:$K$13,2,0) -> 2 | N74: =TEXT(E74,"dd/mm/aaaa") -> 20/05/2026 | O74: =TEXT(K74,"dd/mm/aaaa") -> 20/05/2026 | P74: =COUNTIFS($R$2,"="&N74) -> 1 | Q74: =COUNTIFS($R$2,"="&O74) -> 1
A75: Flight scheduled | B75: Y4 | C75: 32N | D75: Y4 7121 | E75: 46162.708 | F75: SJD-NLU | G75: 2 | H75: 109B | I75: Y4 7110 | J75: NLU-MID | K75: 46163.256 | L75: J | M75: =VLOOKUP(L75,Data!$J$1:$K$13,2,0) -> 1 | N75: =TEXT(E75,"dd/mm/aaaa") -> 20/05/2026 | O75: =TEXT(K75,"dd/mm/aaaa") -> 21/05/2026 | P75: =COUNTIFS($R$2,"="&N75) -> 1 | Q75: =COUNTIFS($R$2,"="&O75) -> 0
A76: Flight scheduled | B76: VB | C76: 320 | D76: VB 7434 | E76: 46162.708 | F76: CJS-NLU | G76: 3 | H76: 504 | I76: VB 7434 | J76: NLU-VER | K76: 46162.729 | L76: J | M76: =VLOOKUP(L76,Data!$J$1:$K$13,2,0) -> 1 | N76: =TEXT(E76,"dd/mm/aaaa") -> 20/05/2026 | O76: =TEXT(K76,"dd/mm/aaaa") -> 20/05/2026 | P76: =COUNTIFS($R$2,"="&N76) -> 1
A77: Flight scheduled | B77: VB | C77: 321 | D77: VB 7417 | E77: 46162.708 | F77: CUL-NLU | G77: 3 | H77: 115B | I77: VB 7417 | J77: NLU-CUN | K77: 46162.74 | L77: J | M77: =VLOOKUP(L77,Data!$J$1:$K$13,2,0) -> 1 | N77: =TEXT(E77,"dd/mm/aaaa") -> 20/05/2026 | O77: =TEXT(K77,"dd/mm/aaaa") -> 20/05/2026 | P77: =COUNTIFS($R$2,"="&N77) -> 1
A78: Flight scheduled | B78: CZ | C78: 77F/772 | D78: CZ 2597 | E78: 46162.712 | F78: HRB-NLU | G78: --- | H78: 607 | I78: CZ 2598 | J78: NLU-PVG | K78: 46162.837 | L78: F | M78: =VLOOKUP(L78,Data!$J$1:$K$13,2,0) -> 2 | N78: =TEXT(E78,"dd/mm/aaaa") -> 20/05/2026 | O78: =TEXT(K78,"dd/mm/aaaa") -> 20/05/2026 | P78: =COUNTIFS($R$2,"="&N78) -> 1
A79: Flight scheduled | B79: VB | C79: 32A | D79: VB 7304 | E79: 46162.712 | F79: GDL-NLU | G79: 1 | H79: 107B | I79: VB 7304 | J79: NLU-TAM | K79: 46162.736 | L79: J | M79: =VLOOKUP(L79,Data!$J$1:$K$13,2,0) -> 1 | N79: =TEXT(E79,"dd/mm/aaaa") -> 20/05/2026 | O79: =TEXT(K79,"dd/mm/aaaa") -> 20/05/2026 | P79: =COUNTIFS($R$2,"="&N79) -> 1
A80: Flight scheduled | B80: ZV | C80: CNF | D80: ZV 361 | E80: 46162.712 | F80: CVM-NLU | G80: 2 | H80: 501 | I80: ZV 303 | J80: NLU-IZT | K80: 46163.51 | L80: J | M80: =VLOOKUP(L80,Data!$J$1:$K$13,2,0) -> 1 | N80: =TEXT(E80,"dd/mm/aaaa") -> 20/05/2026 | O80: =TEXT(K80,"dd/mm/aaaa") -> 21/05/2026 | P80: =COUNTIFS($R$2,"="&N80) -> 1
A81: Flight scheduled | B81: AM | C81: E90 | D81: AM 875 | E81: 46162.72 | F81: MID-NLU | G81: 3 | H81: 110A | I81: AM 872 | J81: NLU-VER | K81: 46162.748 | L81: J | M81: =VLOOKUP(L81,Data!$J$1:$K$13,2,0) -> 1 | N81: =TEXT(E81,"dd/mm/aaaa") -> 20/05/2026 | O81: =TEXT(K81,"dd/mm/aaaa") -> 20/05/2026 | P81: =COUNTIFS($R$2,"="&N81) -> 1
A82: Flight scheduled | B82: VB | C82: 321 | D82: VB 7443 | E82: 46162.722 | F82: CUN-NLU | G82: 1 | H82: 107A | I82: VB 7443 | J82: NLU-SJD | K82: 46162.75 | L82: J | M82: =VLOOKUP(L82,Data!$J$1:$K$13,2,0) -> 1 | N82: =TEXT(E82,"dd/mm/aaaa") -> 20/05/2026 | O82: =TEXT(K82,"dd/mm/aaaa") -> 20/05/2026 | P82: =COUNTIFS($R$2,"="&N82) -> 1
A83: Flight scheduled | B83: VB | C83: 32A | D83: VB 7016 | E83: 46162.729 | F83: MTY-NLU | G83: 2 | H83: 503 | I83: VB 7016 | J83: NLU-ACA | K83: 46162.753 | L83: J | M83: =VLOOKUP(L83,Data!$J$1:$K$13,2,0) -> 1 | N83: =TEXT(E83,"dd/mm/aaaa") -> 20/05/2026 | O83: =TEXT(K83,"dd/mm/aaaa") -> 20/05/2026 | P83: =COUNTIFS($R$2,"="&N83) -> 1
A84: Flight scheduled | B84: VB | C84: 32Q | D84: VB 7447 | E84: 46162.74 | F84: TQO-NLU | G84: 1 | H84: 106A | I84: VB 7447 | J84: NLU-HMO | K84: 46162.771 | L84: J | M84: =VLOOKUP(L84,Data!$J$1:$K$13,2,0) -> 1 | N84: =TEXT(E84,"dd/mm/aaaa") -> 20/05/2026 | O84: =TEXT(K84,"dd/mm/aaaa") -> 20/05/2026 | P84: =COUNTIFS($R$2,"="&N84) -> 1
A85: Flight scheduled | B85: VB | C85: 32A | D85: VB 9221 | E85: 46162.753 | F85: PXM-NLU | G85: 1 | H85: 112A | I85: VB 770 | J85: NLU-BOG | K85: 46162.799 | L85: J | M85: =VLOOKUP(L85,Data!$J$1:$K$13,2,0) -> 1 | N85: =TEXT(E85,"dd/mm/aaaa") -> 20/05/2026 | O85: =TEXT(K85,"dd/mm/aaaa") -> 20/05/2026 | P85: =COUNTIFS($R$2,"="&N85) -> 1
A86: Flight scheduled | B86: AM | C86: E90 | D86: AM 881 | E86: 46162.756 | F86: PVR-NLU | G86: 3 | H86: 110B | I86: AM 2600 | J86: NLU-DGO | K86: 46162.788 | L86: J | M86: =VLOOKUP(L86,Data!$J$1:$K$13,2,0) -> 1 | N86: =TEXT(E86,"dd/mm/aaaa") -> 20/05/2026 | O86: =TEXT(K86,"dd/mm/aaaa") -> 20/05/2026 | P86: =COUNTIFS($R$2,"="&N86) -> 1
A87: Flight scheduled | B87: VB | C87: 321 | D87: VB 7190 | E87: 46162.76 | F87: MID-NLU | G87: 2 | H87: 502 | I87: VB 7190 | J87: NLU-OAX | K87: 46162.792 | L87: J | M87: =VLOOKUP(L87,Data!$J$1:$K$13,2,0) -> 1 | N87: =TEXT(E87,"dd/mm/aaaa") -> 20/05/2026 | O87: =TEXT(K87,"dd/mm/aaaa") -> 20/05/2026 | P87: =COUNTIFS($R$2,"="&N87) -> 1
A88: Flight scheduled | B88: VB | C88: 32N | D88: VB 4412 | E88: 46162.767 | F88: MTY-NLU | G88: 3 | H88: 107B | I88: VB 4413 | J88: NLU-MTY | K88: 46162.799 | L88: J | M88: =VLOOKUP(L88,Data!$J$1:$K$13,2,0) -> 1 | N88: =TEXT(E88,"dd/mm/aaaa") -> 20/05/2026 | O88: =TEXT(K88,"dd/mm/aaaa") -> 20/05/2026 | P88: =COUNTIFS($R$2,"="&N88) -> 1
A89: Flight scheduled | B89: VB | C89: 321 | D89: VB 9405 | E89: 46162.771 | F89: MTY-NLU | G89: 2 | H89: 106B | I89: VB 9502 | J89: NLU-TRC | K89: 46162.823 | L89: J | M89: =VLOOKUP(L89,Data!$J$1:$K$13,2,0) -> 1 | N89: =TEXT(E89,"dd/mm/aaaa") -> 20/05/2026 | O89: =TEXT(K89,"dd/mm/aaaa") -> 20/05/2026 | P89: =COUNTIFS($R$2,"="&N89) -> 1
A90: Flight scheduled | B90: QR | C90: 77X | D90: QR 8147 | E90: 46162.788 | F90: FRA-NLU | G90: --- | H90: 609 | I90: QR 8147 | J90: NLU-ATL | K90: 46162.944 | L90: F | M90: =VLOOKUP(L90,Data!$J$1:$K$13,2,0) -> 2 | N90: =TEXT(E90,"dd/mm/aaaa") -> 20/05/2026 | O90: =TEXT(K90,"dd/mm/aaaa") -> 20/05/2026 | P90: =COUNTIFS($R$2,"="&N90) -> 1
A91: Flight scheduled | B91: VB | C91: 321 | D91: VB 7061 | E91: 46162.806 | F91: SLW-NLU | G91: 1 | H91: 107A | I91: VB 7061 | J91: NLU-CUN | K91: 46162.837 | L91: J | M91: =VLOOKUP(L91,Data!$J$1:$K$13,2,0) -> 1 | N91: =TEXT(E91,"dd/mm/aaaa") -> 20/05/2026 | O91: =TEXT(K91,"dd/mm/aaaa") -> 20/05/2026 | P91: =COUNTIFS($R$2,"="&N91) -> 1
A92: Flight scheduled | B92: A7 | C92: 332 | D92: A7 842 | E92: 46162.806 | F92: SCL-NLU | G92: --- | H92: 605 | L92: F | M92: =VLOOKUP(L92,Data!$J$1:$K$13,2,0) -> 2 | N92: =TEXT(E92,"dd/mm/aaaa") -> 20/05/2026 | O92: =TEXT(K92,"dd/mm/aaaa") -> 00/01/1900 | P92: =COUNTIFS($R$2,"="&N92) -> 1
A93: Flight scheduled | B93: VB | C93: 32N | D93: VB 9451 | E93: 46162.812 | F93: NLD-NLU | G93: 1 | H93: 106A | I93: VB 9450 | J93: NLU-NLD | K93: 46163.601 | L93: J | M93: =VLOOKUP(L93,Data!$J$1:$K$13,2,0) -> 1 | N93: =TEXT(E93,"dd/mm/aaaa") -> 20/05/2026 | O93: =TEXT(K93,"dd/mm/aaaa") -> 21/05/2026 | P93: =COUNTIFS($R$2,"="&N93) -> 1
A94: Flight scheduled | B94: VB | C94: 320 | D94: VB 7435 | E94: 46162.844 | F94: VER-NLU | G94: 1 | H94: 504 | I94: VB 7435 | J94: NLU-CJS | K94: 46162.865 | L94: J | M94: =VLOOKUP(L94,Data!$J$1:$K$13,2,0) -> 1 | N94: =TEXT(E94,"dd/mm/aaaa") -> 20/05/2026 | O94: =TEXT(K94,"dd/mm/aaaa") -> 20/05/2026 | P94: =COUNTIFS($R$2,"="&N94) -> 1
A95: Flight scheduled | B95: VB | C95: 32A | D95: VB 7305 | E95: 46162.847 | F95: TAM-NLU | G95: 1 | H95: 503 | I95: VB 7305 | J95: NLU-GDL | K95: 46162.868 | L95: J | M95: =VLOOKUP(L95,Data!$J$1:$K$13,2,0) -> 1 | N95: =TEXT(E95,"dd/mm/aaaa") -> 20/05/2026 | O95: =TEXT(K95,"dd/mm/aaaa") -> 20/05/2026 | P95: =COUNTIFS($R$2,"="&N95) -> 1
A96: Flight scheduled | B96: Y4 | C96: 320 | D96: Y4 1292 | E96: 46162.852 | F96: GDL-NLU | G96: 3 | H96: 109A | I96: Y4 1291 | J96: NLU-GDL | K96: 46163.271 | L96: J | M96: =VLOOKUP(L96,Data!$J$1:$K$13,2,0) -> 1 | N96: =TEXT(E96,"dd/mm/aaaa") -> 20/05/2026 | O96: =TEXT(K96,"dd/mm/aaaa") -> 21/05/2026 | P96: =COUNTIFS($R$2,"="&N96) -> 1
A97: Flight scheduled | B97: VB | C97: 32A | D97: VB 9523 | E97: 46162.861 | F97: GDL-NLU | G97: 2 | H97: 505 | I97: VB 9520 | J97: NLU-GDL | K97: 46163.25 | L97: J | M97: =VLOOKUP(L97,Data!$J$1:$K$13,2,0) -> 1 | N97: =TEXT(E97,"dd/mm/aaaa") -> 20/05/2026 | O97: =TEXT(K97,"dd/mm/aaaa") -> 21/05/2026 | P97: =COUNTIFS($R$2,"="&N97) -> 1
A98: Flight scheduled | B98: AM | C98: E90 | D98: AM 871 | E98: 46162.863 | F98: VER-NLU | G98: 3 | H98: 110B | I98: AM 284 | J98: NLU-GDL | K98: 46162.889 | L98: J | M98: =VLOOKUP(L98,Data!$J$1:$K$13,2,0) -> 1 | N98: =TEXT(E98,"dd/mm/aaaa") -> 20/05/2026 | O98: =TEXT(K98,"dd/mm/aaaa") -> 20/05/2026 | P98: =COUNTIFS($R$2,"="&N98) -> 1
A99: Flight scheduled | B99: VB | C99: 32A | D99: VB 7017 | E99: 46162.872 | F99: ACA-NLU | G99: 2 | H99: 107B | I99: VB 7017 | J99: NLU-MTY | K99: 46162.896 | L99: J | M99: =VLOOKUP(L99,Data!$J$1:$K$13,2,0) -> 1 | N99: =TEXT(E99,"dd/mm/aaaa") -> 20/05/2026 | O99: =TEXT(K99,"dd/mm/aaaa") -> 20/05/2026 | P99: =COUNTIFS($R$2,"="&N99) -> 1
A100: Flight scheduled | B100: Y4 | C100: 32Q | D100: Y4 3296 | E100: 46162.898 | F100: TIJ-NLU | G100: 1 | H100: 110A | I100: Y4 3297 | J100: NLU-TIJ | K100: 46162.942 | L100: J | M100: =VLOOKUP(L100,Data!$J$1:$K$13,2,0) -> 1 | N100: =TEXT(E100,"dd/mm/aaaa") -> 20/05/2026 | O100: =TEXT(K100,"dd/mm/aaaa") -> 20/05/2026 | P100: =COUNTIFS($R$2,"="&N100) -> 1
...

Sheet dashboard data

Sheet Pasajeros
A1: Num | B1: Status | C1: [Arr] Airline code | D1: Aircraft type | E1: [Arr] Flight Number | F1: [Arr] SIBT | G1: [Arr] Routing | H1: [Arr] Baggage Belts | I1: [Arr] Stand | J1: [Dep] Flight Designator | K1: [Dep] Routing | L1: [Dep] SOBT | M1: [Dep] Service Type | N1: Time frame | O1: Time Code llegadas | P1: Time frame | Q1: Time Code salidas | R1: feche llegada | S1: anteriores | T1: fecha salida | U1: posteriores
A2: =ROW(A1) -> 1 | B2: =IFERROR(INDEX('Pasajeros Pre'!$A$2:A4995,MATCH(ROW()-ROW($B$1),'Pasajeros Pre'!$O$2:$O$4995,0)),"") -> Last bag | C2: =IFERROR(INDEX('Pasajeros Pre'!$B$2:$B$195,MATCH(ROW()-ROW($A$1),'Pasajeros Pre'!$O$2:$O$195,0)),"") -> Mexicana de Aviación | D2: =IFERROR(INDEX('Pasajeros Pre'!$C$2:C4995,MATCH(ROW()-ROW($B$1),'Pasajeros Pre'!$O$2:$O$4995,0)),"") -> E95 | E2: =IFERROR(INDEX('Pasajeros Pre'!$D$2:D4995,MATCH(ROW()-ROW($B$1),'Pasajeros Pre'!$O$2:$O$4995,0)),"") -> XN 1765 | F2: =IFERROR(INDEX('Pasajeros Pre'!$E$2:E4995,MATCH(ROW()-ROW($B$1),'Pasajeros Pre'!$O$2:$O$4995,0)),"") -> 46160.833 | G2: =IFERROR(INDEX('Pasajeros Pre'!$F$2:F4995,MATCH(ROW()-ROW($B$1),'Pasajeros Pre'!$O$2:$O$4995,0)),"") -> Mérida | H2: =IFERROR(INDEX('Pasajeros Pre'!$G$2:G4995,MATCH(ROW()-ROW($B$1),'Pasajeros Pre'!$O$2:$O$4995,0)),"") -> 1 | I2: =IFERROR(INDEX('Pasajeros Pre'!$H$2:H4995,MATCH(ROW()-ROW($B$1),'Pasajeros Pre'!$O$2:$O$4995,0)),"") -> 108A | J2: =IFERROR(INDEX('Pasajeros Pre'!$I$2:I4995,MATCH(ROW()-ROW($B$1),'Pasajeros Pre'!$O$2:$O$4995,0)),"") -> XN 1430 | K2: =IFERROR(INDEX('Pasajeros Pre'!$J$2:J4995,MATCH(ROW()-ROW($B$1),'Pasajeros Pre'!$O$2:$O$4995,0)),"") -> Guadalajara | L2: =IFERROR(INDEX('Pasajeros Pre'!$K$2:K4995,MATCH(ROW()-ROW($B$1),'Pasajeros Pre'!$O$2:$O$4995,0)),"") -> 46162.271 | M2: =IFERROR(INDEX('Pasajeros Pre'!$L$2:L4995,MATCH(ROW()-ROW($B$1),'Pasajeros Pre'!$O$2:$O$4995,0)),"") -> J | N2: =ROUNDDOWN(HOUR(F2),1)+1 -> 21 | O2: =VLOOKUP(N2,'Time Chart'!$A$2:$D$25,4,0) -> 20:00 A 20:59 | P2: =ROUNDDOWN(HOUR(L2),1)+1 -> 7 | Q2: =VLOOKUP(P2,'Time Chart'!$A$2:$D$25,4,0) -> 06:00 A 06:59 | R2: =TEXT(F2,"dd/mm/aaaa") -> 18/05/2026 | S2: =COUNTIFS(Hoja1!$R$2,"="&R2) -> 0 | T2: =TEXT(L2,"dd/mm/aaaa") -> 20/05/2026 | U2: =COUNTIFS(Hoja1!$R$2,"="&T2) -> 1
A3: =ROW(A2) -> 2 | B3: =IFERROR(INDEX('Pasajeros Pre'!$A$2:A4996,MATCH(ROW()-ROW($B$1),'Pasajeros Pre'!$O$2:$O$4995,0)),"") -> Flight activated | C3: =IFERROR(INDEX('Pasajeros Pre'!$B$2:$B$195,MATCH(ROW()-ROW($A$1),'Pasajeros Pre'!$O$2:$O$195,0)),"") -> Viva | D3: =IFERROR(INDEX('Pasajeros Pre'!$C$2:C4996,MATCH(ROW()-ROW($B$1),'Pasajeros Pre'!$O$2:$O$4995,0)),"") -> 32Q | E3: =IFERROR(INDEX('Pasajeros Pre'!$D$2:D4996,MATCH(ROW()-ROW($B$1),'Pasajeros Pre'!$O$2:$O$4995,0)),"") -> VB 3677 | F3: =IFERROR(INDEX('Pasajeros Pre'!$E$2:E4996,MATCH(ROW()-ROW($B$1),'Pasajeros Pre'!$O$2:$O$4995,0)),"") -> 46161.524 | G3: =IFERROR(INDEX('Pasajeros Pre'!$F$2:F4996,MATCH(ROW()-ROW($B$1),'Pasajeros Pre'!$O$2:$O$4995,0)),"") -> Ixtapa Zihuatanejo | H3: =IFERROR(INDEX('Pasajeros Pre'!$G$2:G4996,MATCH(ROW()-ROW($B$1),'Pasajeros Pre'!$O$2:$O$4995,0)),"") -> 1 | I3: =IFERROR(INDEX('Pasajeros Pre'!$H$2:H4996,MATCH(ROW()-ROW($B$1),'Pasajeros Pre'!$O$2:$O$4995,0)),"") -> 132A | J3: =IFERROR(INDEX('Pasajeros Pre'!$I$2:I4996,MATCH(ROW()-ROW($B$1),'Pasajeros Pre'!$O$2:$O$4995,0)),"") -> VB 7382 | K3: =IFERROR(INDEX('Pasajeros Pre'!$J$2:J4996,MATCH(ROW()-ROW($B$1),'Pasajeros Pre'!$O$2:$O$4995,0)),"") -> Monterrey | L3: =IFERROR(INDEX('Pasajeros Pre'!$K$2:K4996,MATCH(ROW()-ROW($B$1),'Pasajeros Pre'!$O$2:$O$4995,0)),"") -> 46162.253 | M3: =IFERROR(INDEX('Pasajeros Pre'!$L$2:L4996,MATCH(ROW()-ROW($B$1),'Pasajeros Pre'!$O$2:$O$4995,0)),"") -> J | N3: =ROUNDDOWN(HOUR(F3),1)+1 -> 13 | O3: =VLOOKUP(N3,'Time Chart'!$A$2:$D$25,4,0) -> 12:00 A 12:59 | P3: =ROUNDDOWN(HOUR(L3),1)+1 -> 7 | Q3: =VLOOKUP(P3,'Time Chart'!$A$2:$D$25,4,0) -> 06:00 A 06:59 | R3: =TEXT(F3,"dd/mm/aaaa") -> 19/05/2026 | S3: =COUNTIFS(Hoja1!$R$2,"="&R3) -> 0 | T3: =TEXT(L3,"dd/mm/aaaa") -> 20/05/2026 | U3: =COUNTIFS(Hoja1!$R$2,"="&T3) -> 1
A4: =ROW(A3) -> 3 | B4: =IFERROR(INDEX('Pasajeros Pre'!$A$2:A4997,MATCH(ROW()-ROW($B$1),'Pasajeros Pre'!$O$2:$O$4995,0)),"") -> Flight activated | C4: =IFERROR(INDEX('Pasajeros Pre'!$B$2:$B$195,MATCH(ROW()-ROW($A$1),'Pasajeros Pre'!$O$2:$O$195,0)),"") -> Viva | D4: =IFERROR(INDEX('Pasajeros Pre'!$C$2:C4997,MATCH(ROW()-ROW($B$1),'Pasajeros Pre'!$O$2:$O$4995,0)),"") -> 32A | E4: =IFERROR(INDEX('Pasajeros Pre'!$D$2:D4997,MATCH(ROW()-ROW($B$1),'Pasajeros Pre'!$O$2:$O$4995,0)),"") -> VB 7370 | F4: =IFERROR(INDEX('Pasajeros Pre'!$E$2:E4997,MATCH(ROW()-ROW($B$1),'Pasajeros Pre'!$O$2:$O$4995,0)),"") -> 46161.622 | G4: =IFERROR(INDEX('Pasajeros Pre'!$F$2:F4997,MATCH(ROW()-ROW($B$1),'Pasajeros Pre'!$O$2:$O$4995,0)),"") -> La Paz | H4: =IFERROR(INDEX('Pasajeros Pre'!$G$2:G4997,MATCH(ROW()-ROW($B$1),'Pasajeros Pre'!$O$2:$O$4995,0)),"") -> 1 | I4: =IFERROR(INDEX('Pasajeros Pre'!$H$2:H4997,MATCH(ROW()-ROW($B$1),'Pasajeros Pre'!$O$2:$O$4995,0)),"") -> 107A | J4: =IFERROR(INDEX('Pasajeros Pre'!$I$2:I4997,MATCH(ROW()-ROW($B$1),'Pasajeros Pre'!$O$2:$O$4995,0)),"") -> VB 9222 | K4: =IFERROR(INDEX('Pasajeros Pre'!$J$2:J4997,MATCH(ROW()-ROW($B$1),'Pasajeros Pre'!$O$2:$O$4995,0)),"") -> Puerto Escondido | L4: =IFERROR(INDEX('Pasajeros Pre'!$K$2:K4997,MATCH(ROW()-ROW($B$1),'Pasajeros Pre'!$O$2:$O$4995,0)),"") -> 46162.274 | M4: =IFERROR(INDEX('Pasajeros Pre'!$L$2:L4997,MATCH(ROW()-ROW($B$1),'Pasajeros Pre'!$O$2:$O$4995,0)),"") -> J | N4: =ROUNDDOWN(HOUR(F4),1)+1 -> 15 | O4: =VLOOKUP(N4,'Time Chart'!$A$2:$D$25,4,0) -> 14:00 A 14:59 | P4: =ROUNDDOWN(HOUR(L4),1)+1 -> 7 | Q4: =VLOOKUP(P4,'Time Chart'!$A$2:$D$25,4,0) -> 06:00 A 06:59 | R4: =TEXT(F4,"dd/mm/aaaa") -> 19/05/2026 | S4: =COUNTIFS(Hoja1!$R$2,"="&R4) -> 0 | T4: =TEXT(L4,"dd/mm/aaaa") -> 20/05/2026 | U4: =COUNTIFS(Hoja1!$R$2,"="&T4) -> 1
A5: =ROW(A4) -> 4 | B5: =IFERROR(INDEX('Pasajeros Pre'!$A$2:A4998,MATCH(ROW()-ROW($B$1),'Pasajeros Pre'!$O$2:$O$4995,0)),"") -> Flight activated | C5: =IFERROR(INDEX('Pasajeros Pre'!$B$2:$B$195,MATCH(ROW()-ROW($A$1),'Pasajeros Pre'!$O$2:$O$195,0)),"") -> Aerus | D5: =IFERROR(INDEX('Pasajeros Pre'!$C$2:C4998,MATCH(ROW()-ROW($B$1),'Pasajeros Pre'!$O$2:$O$4995,0)),"") -> CNF | E5: =IFERROR(INDEX('Pasajeros Pre'!$D$2:D4998,MATCH(ROW()-ROW($B$1),'Pasajeros Pre'!$O$2:$O$4995,0)),"") -> ZV 361 | F5: =IFERROR(INDEX('Pasajeros Pre'!$E$2:E4998,MATCH(ROW()-ROW($B$1),'Pasajeros Pre'!$O$2:$O$4995,0)),"") -> 46161.712 | G5: =IFERROR(INDEX('Pasajeros Pre'!$F$2:F4998,MATCH(ROW()-ROW($B$1),'Pasajeros Pre'!$O$2:$O$4995,0)),"") -> Ciudad Victoria | H5: =IFERROR(INDEX('Pasajeros Pre'!$G$2:G4998,MATCH(ROW()-ROW($B$1),'Pasajeros Pre'!$O$2:$O$4995,0)),"") -> 1 | I5: =IFERROR(INDEX('Pasajeros Pre'!$H$2:H4998,MATCH(ROW()-ROW($B$1),'Pasajeros Pre'!$O$2:$O$4995,0)),"") -> 501 | J5: =IFERROR(INDEX('Pasajeros Pre'!$I$2:I4998,MATCH(ROW()-ROW($B$1),'Pasajeros Pre'!$O$2:$O$4995,0)),"") -> ZV 364 | K5: =IFERROR(INDEX('Pasajeros Pre'!$J$2:J4998,MATCH(ROW()-ROW($B$1),'Pasajeros Pre'!$O$2:$O$4995,0)),"") -> Ciudad Victoria | L5: =IFERROR(INDEX('Pasajeros Pre'!$K$2:K4998,MATCH(ROW()-ROW($B$1),'Pasajeros Pre'!$O$2:$O$4995,0)),"") -> 46162.25 | M5: =IFERROR(INDEX('Pasajeros Pre'!$L$2:L4998,MATCH(ROW()-ROW($B$1),'Pasajeros Pre'!$O$2:$O$4995,0)),"") -> J | N5: =ROUNDDOWN(HOUR(F5),1)+1 -> 18 | O5: =VLOOKUP(N5,'Time Chart'!$A$2:$D$25,4,0) -> 17:00 A 17:59 | P5: =ROUNDDOWN(HOUR(L5),1)+1 -> 7 | Q5: =VLOOKUP(P5,'Time Chart'!$A$2:$D$25,4,0) -> 06:00 A 06:59 | R5: =TEXT(F5,"dd/mm/aaaa") -> 19/05/2026 | S5: =COUNTIFS(Hoja1!$R$2,"="&R5) -> 0 | T5: =TEXT(L5,"dd/mm/aaaa") -> 20/05/2026 | U5: =COUNTIFS(Hoja1!$R$2,"="&T5) -> 1
A6: =ROW(A5) -> 5 | B6: =IFERROR(INDEX('Pasajeros Pre'!$A$2:A4999,MATCH(ROW()-ROW($B$1),'Pasajeros Pre'!$O$2:$O$4995,0)),"") -> Departed from previous airport | C6: =IFERROR(INDEX('Pasajeros Pre'!$B$2:$B$195,MATCH(ROW()-ROW($A$1),'Pasajeros Pre'!$O$2:$O$195,0)),"") -> Viva | D6: =IFERROR(INDEX('Pasajeros Pre'!$C$2:C4999,MATCH(ROW()-ROW($B$1),'Pasajeros Pre'!$O$2:$O$4995,0)),"") -> 32A | E6: =IFERROR(INDEX('Pasajeros Pre'!$D$2:D4999,MATCH(ROW()-ROW($B$1),'Pasajeros Pre'!$O$2:$O$4995,0)),"") -> VB 7435 | F6: =IFERROR(INDEX('Pasajeros Pre'!$E$2:E4999,MATCH(ROW()-ROW($B$1),'Pasajeros Pre'!$O$2:$O$4995,0)),"") -> 46161.844 | G6: =IFERROR(INDEX('Pasajeros Pre'!$F$2:F4999,MATCH(ROW()-ROW($B$1),'Pasajeros Pre'!$O$2:$O$4995,0)),"") -> Veracruz | H6: =IFERROR(INDEX('Pasajeros Pre'!$G$2:G4999,MATCH(ROW()-ROW($B$1),'Pasajeros Pre'!$O$2:$O$4995,0)),"") -> 2 | I6: =IFERROR(INDEX('Pasajeros Pre'!$H$2:H4999,MATCH(ROW()-ROW($B$1),'Pasajeros Pre'!$O$2:$O$4995,0)),"") -> 505 | J6: =IFERROR(INDEX('Pasajeros Pre'!$I$2:I4999,MATCH(ROW()-ROW($B$1),'Pasajeros Pre'!$O$2:$O$4995,0)),"") -> VB 9480 | K6: =IFERROR(INDEX('Pasajeros Pre'!$J$2:J4999,MATCH(ROW()-ROW($B$1),'Pasajeros Pre'!$O$2:$O$4995,0)),"") -> Ciudad Obregón | L6: =IFERROR(INDEX('Pasajeros Pre'!$K$2:K4999,MATCH(ROW()-ROW($B$1),'Pasajeros Pre'!$O$2:$O$4995,0)),"") -> 46162.288 | M6: =IFERROR(INDEX('Pasajeros Pre'!$L$2:L4999,MATCH(ROW()-ROW($B$1),'Pasajeros Pre'!$O$2:$O$4995,0)),"") -> J | N6: =ROUNDDOWN(HOUR(F6),1)+1 -> 21 | O6: =VLOOKUP(N6,'Time Chart'!$A$2:$D$25,4,0) -> 20:00 A 20:59 | P6: =ROUNDDOWN(HOUR(L6),1)+1 -> 7 | Q6: =VLOOKUP(P6,'Time Chart'!$A$2:$D$25,4,0) -> 06:00 A 06:59 | R6: =TEXT(F6,"dd/mm/aaaa") -> 19/05/2026 | S6: =COUNTIFS(Hoja1!$R$2,"="&R6) -> 0 | T6: =TEXT(L6,"dd/mm/aaaa") -> 20/05/2026 | U6: =COUNTIFS(Hoja1!$R$2,"="&T6) -> 1
A7: =ROW(A6) -> 6 | B7: =IFERROR(INDEX('Pasajeros Pre'!$A$2:A5000,MATCH(ROW()-ROW($B$1),'Pasajeros Pre'!$O$2:$O$4995,0)),"") -> Flight activated | C7: =IFERROR(INDEX('Pasajeros Pre'!$B$2:$B$195,MATCH(ROW()-ROW($A$1),'Pasajeros Pre'!$O$2:$O$195,0)),"") -> Volaris | D7: =IFERROR(INDEX('Pasajeros Pre'!$C$2:C5000,MATCH(ROW()-ROW($B$1),'Pasajeros Pre'!$O$2:$O$4995,0)),"") -> 320 | E7: =IFERROR(INDEX('Pasajeros Pre'!$D$2:D5000,MATCH(ROW()-ROW($B$1),'Pasajeros Pre'!$O$2:$O$4995,0)),"") -> Y4 7171 | F7: =IFERROR(INDEX('Pasajeros Pre'!$E$2:E5000,MATCH(ROW()-ROW($B$1),'Pasajeros Pre'!$O$2:$O$4995,0)),"") -> 46161.849 | G7: =IFERROR(INDEX('Pasajeros Pre'!$F$2:F5000,MATCH(ROW()-ROW($B$1),'Pasajeros Pre'!$O$2:$O$4995,0)),"") -> La Paz | H7: =IFERROR(INDEX('Pasajeros Pre'!$G$2:G5000,MATCH(ROW()-ROW($B$1),'Pasajeros Pre'!$O$2:$O$4995,0)),"") -> 1 | I7: =IFERROR(INDEX('Pasajeros Pre'!$H$2:H5000,MATCH(ROW()-ROW($B$1),'Pasajeros Pre'!$O$2:$O$4995,0)),"") -> 109B | J7: =IFERROR(INDEX('Pasajeros Pre'!$I$2:I5000,MATCH(ROW()-ROW($B$1),'Pasajeros Pre'!$O$2:$O$4995,0)),"") -> Y4 1291 | K7: =IFERROR(INDEX('Pasajeros Pre'!$J$2:J5000,MATCH(ROW()-ROW($B$1),'Pasajeros Pre'!$O$2:$O$4995,0)),"") -> Guadalajara | L7: =IFERROR(INDEX('Pasajeros Pre'!$K$2:K5000,MATCH(ROW()-ROW($B$1),'Pasajeros Pre'!$O$2:$O$4995,0)),"") -> 46162.271 | M7: =IFERROR(INDEX('Pasajeros Pre'!$L$2:L5000,MATCH(ROW()-ROW($B$1),'Pasajeros Pre'!$O$2:$O$4995,0)),"") -> J | N7: =ROUNDDOWN(HOUR(F7),1)+1 -> 21 | O7: =VLOOKUP(N7,'Time Chart'!$A$2:$D$25,4,0) -> 20:00 A 20:59 | P7: =ROUNDDOWN(HOUR(L7),1)+1 -> 7 | Q7: =VLOOKUP(P7,'Time Chart'!$A$2:$D$25,4,0) -> 06:00 A 06:59 | R7: =TEXT(F7,"dd/mm/aaaa") -> 19/05/2026 | S7: =COUNTIFS(Hoja1!$R$2,"="&R7) -> 0 | T7: =TEXT(L7,"dd/mm/aaaa") -> 20/05/2026 | U7: =COUNTIFS(Hoja1!$R$2,"="&T7) -> 1
A8: =ROW(A7) -> 7 | B8: =IFERROR(INDEX('Pasajeros Pre'!$A$2:A5001,MATCH(ROW()-ROW($B$1),'Pasajeros Pre'!$O$2:$O$4995,0)),"") -> Flight activated | C8: =IFERROR(INDEX('Pasajeros Pre'!$B$2:$B$195,MATCH(ROW()-ROW($A$1),'Pasajeros Pre'!$O$2:$O$195,0)),"") -> Volaris | D8: =IFERROR(INDEX('Pasajeros Pre'!$C$2:C5001,MATCH(ROW()-ROW($B$1),'Pasajeros Pre'!$O$2:$O$4995,0)),"") -> 32N | E8: =IFERROR(INDEX('Pasajeros Pre'!$D$2:D5001,MATCH(ROW()-ROW($B$1),'Pasajeros Pre'!$O$2:$O$4995,0)),"") -> Y4 1292 | F8: =IFERROR(INDEX('Pasajeros Pre'!$E$2:E5001,MATCH(ROW()-ROW($B$1),'Pasajeros Pre'!$O$2:$O$4995,0)),"") -> 46161.852 | G8: =IFERROR(INDEX('Pasajeros Pre'!$F$2:F5001,MATCH(ROW()-ROW($B$1),'Pasajeros Pre'!$O$2:$O$4995,0)),"") -> Guadalajara | H8: =IFERROR(INDEX('Pasajeros Pre'!$G$2:G5001,MATCH(ROW()-ROW($B$1),'Pasajeros Pre'!$O$2:$O$4995,0)),"") -> 1 | I8: =IFERROR(INDEX('Pasajeros Pre'!$H$2:H5001,MATCH(ROW()-ROW($B$1),'Pasajeros Pre'!$O$2:$O$4995,0)),"") -> 109A | J8: =IFERROR(INDEX('Pasajeros Pre'!$I$2:I5001,MATCH(ROW()-ROW($B$1),'Pasajeros Pre'!$O$2:$O$4995,0)),"") -> Y4 3960 | K8: =IFERROR(INDEX('Pasajeros Pre'!$J$2:J5001,MATCH(ROW()-ROW($B$1),'Pasajeros Pre'!$O$2:$O$4995,0)),"") -> Bogotá | L8: =IFERROR(INDEX('Pasajeros Pre'!$K$2:K5001,MATCH(ROW()-ROW($B$1),'Pasajeros Pre'!$O$2:$O$4995,0)),"") -> 46162.025 | M8: =IFERROR(INDEX('Pasajeros Pre'!$L$2:L5001,MATCH(ROW()-ROW($B$1),'Pasajeros Pre'!$O$2:$O$4995,0)),"") -> J | N8: =ROUNDDOWN(HOUR(F8),1)+1 -> 21 | O8: =VLOOKUP(N8,'Time Chart'!$A$2:$D$25,4,0) -> 20:00 A 20:59 | P8: =ROUNDDOWN(HOUR(L8),1)+1 -> 1 | Q8: =VLOOKUP(P8,'Time Chart'!$A$2:$D$25,4,0) -> 00:00 A 00:59 | R8: =TEXT(F8,"dd/mm/aaaa") -> 19/05/2026 | S8: =COUNTIFS(Hoja1!$R$2,"="&R8) -> 0 | T8: =TEXT(L8,"dd/mm/aaaa") -> 20/05/2026 | U8: =COUNTIFS(Hoja1!$R$2,"="&T8) -> 1
A9: =ROW(A8) -> 8 | B9: =IFERROR(INDEX('Pasajeros Pre'!$A$2:A5002,MATCH(ROW()-ROW($B$1),'Pasajeros Pre'!$O$2:$O$4995,0)),"") -> Flight activated | C9: =IFERROR(INDEX('Pasajeros Pre'!$B$2:$B$195,MATCH(ROW()-ROW($A$1),'Pasajeros Pre'!$O$2:$O$195,0)),"") -> Aeromexico | D9: =IFERROR(INDEX('Pasajeros Pre'!$C$2:C5002,MATCH(ROW()-ROW($B$1),'Pasajeros Pre'!$O$2:$O$4995,0)),"") -> E90 | E9: =IFERROR(INDEX('Pasajeros Pre'!$D$2:D5002,MATCH(ROW()-ROW($B$1),'Pasajeros Pre'!$O$2:$O$4995,0)),"") -> AM 871 | F9: =IFERROR(INDEX('Pasajeros Pre'!$E$2:E5002,MATCH(ROW()-ROW($B$1),'Pasajeros Pre'!$O$2:$O$4995,0)),"") -> 46161.863 | G9: =IFERROR(INDEX('Pasajeros Pre'!$F$2:F5002,MATCH(ROW()-ROW($B$1),'Pasajeros Pre'!$O$2:$O$4995,0)),"") -> Veracruz | H9: =IFERROR(INDEX('Pasajeros Pre'!$G$2:G5002,MATCH(ROW()-ROW($B$1),'Pasajeros Pre'!$O$2:$O$4995,0)),"") -> --- | I9: =IFERROR(INDEX('Pasajeros Pre'!$H$2:H5002,MATCH(ROW()-ROW($B$1),'Pasajeros Pre'!$O$2:$O$4995,0)),"") -> 111A | J9: =IFERROR(INDEX('Pasajeros Pre'!$I$2:I5002,MATCH(ROW()-ROW($B$1),'Pasajeros Pre'!$O$2:$O$4995,0)),"") -> AM 880 | K9: =IFERROR(INDEX('Pasajeros Pre'!$J$2:J5002,MATCH(ROW()-ROW($B$1),'Pasajeros Pre'!$O$2:$O$4995,0)),"") -> Puerto Vallarta | L9: =IFERROR(INDEX('Pasajeros Pre'!$K$2:K5002,MATCH(ROW()-ROW($B$1),'Pasajeros Pre'!$O$2:$O$4995,0)),"") -> 46162.604 | M9: =IFERROR(INDEX('Pasajeros Pre'!$L$2:L5002,MATCH(ROW()-ROW($B$1),'Pasajeros Pre'!$O$2:$O$4995,0)),"") -> J | N9: =ROUNDDOWN(HOUR(F9),1)+1 -> 21 | O9: =VLOOKUP(N9,'Time Chart'!$A$2:$D$25,4,0) -> 20:00 A 20:59 | P9: =ROUNDDOWN(HOUR(L9),1)+1 -> 15 | Q9: =VLOOKUP(P9,'Time Chart'!$A$2:$D$25,4,0) -> 14:00 A 14:59 | R9: =TEXT(F9,"dd/mm/aaaa") -> 19/05/2026 | S9: =COUNTIFS(Hoja1!$R$2,"="&R9) -> 0 | T9: =TEXT(L9,"dd/mm/aaaa") -> 20/05/2026 | U9: =COUNTIFS(Hoja1!$R$2,"="&T9) -> 1
A10: =ROW(A9) -> 9 | B10: =IFERROR(INDEX('Pasajeros Pre'!$A$2:A5003,MATCH(ROW()-ROW($B$1),'Pasajeros Pre'!$O$2:$O$4995,0)),"") -> Flight activated | C10: =IFERROR(INDEX('Pasajeros Pre'!$B$2:$B$195,MATCH(ROW()-ROW($A$1),'Pasajeros Pre'!$O$2:$O$195,0)),"") -> Viva | D10: =IFERROR(INDEX('Pasajeros Pre'!$C$2:C5003,MATCH(ROW()-ROW($B$1),'Pasajeros Pre'!$O$2:$O$4995,0)),"") -> 32N | E10: =IFERROR(INDEX('Pasajeros Pre'!$D$2:D5003,MATCH(ROW()-ROW($B$1),'Pasajeros Pre'!$O$2:$O$4995,0)),"") -> VB 9233 | F10: =IFERROR(INDEX('Pasajeros Pre'!$E$2:E5003,MATCH(ROW()-ROW($B$1),'Pasajeros Pre'!$O$2:$O$4995,0)),"") -> 46161.944 | G10: =IFERROR(INDEX('Pasajeros Pre'!$F$2:F5003,MATCH(ROW()-ROW($B$1),'Pasajeros Pre'!$O$2:$O$4995,0)),"") -> Mazatlán | H10: =IFERROR(INDEX('Pasajeros Pre'!$G$2:G5003,MATCH(ROW()-ROW($B$1),'Pasajeros Pre'!$O$2:$O$4995,0)),"") -> 1 | I10: =IFERROR(INDEX('Pasajeros Pre'!$H$2:H5003,MATCH(ROW()-ROW($B$1),'Pasajeros Pre'!$O$2:$O$4995,0)),"") -> 503 | J10: =IFERROR(INDEX('Pasajeros Pre'!$I$2:I5003,MATCH(ROW()-ROW($B$1),'Pasajeros Pre'!$O$2:$O$4995,0)),"") -> VB 5069 | K10: =IFERROR(INDEX('Pasajeros Pre'!$J$2:J5003,MATCH(ROW()-ROW($B$1),'Pasajeros Pre'!$O$2:$O$4995,0)),"") -> Tijuana | L10: =IFERROR(INDEX('Pasajeros Pre'!$K$2:K5003,MATCH(ROW()-ROW($B$1),'Pasajeros Pre'!$O$2:$O$4995,0)),"") -> 46162.25 | M10: =IFERROR(INDEX('Pasajeros Pre'!$L$2:L5003,MATCH(ROW()-ROW($B$1),'Pasajeros Pre'!$O$2:$O$4995,0)),"") -> J | N10: =ROUNDDOWN(HOUR(F10),1)+1 -> 23 | O10: =VLOOKUP(N10,'Time Chart'!$A$2:$D$25,4,0) -> 22:00 A 22:59 | P10: =ROUNDDOWN(HOUR(L10),1)+1 -> 7 | Q10: =VLOOKUP(P10,'Time Chart'!$A$2:$D$25,4,0) -> 06:00 A 06:59 | R10: =TEXT(F10,"dd/mm/aaaa") -> 19/05/2026 | S10: =COUNTIFS(Hoja1!$R$2,"="&R10) -> 0 | T10: =TEXT(L10,"dd/mm/aaaa") -> 20/05/2026 | U10: =COUNTIFS(Hoja1!$R$2,"="&T10) -> 1
A11: =ROW(A10) -> 10 | B11: =IFERROR(INDEX('Pasajeros Pre'!$A$2:A5004,MATCH(ROW()-ROW($B$1),'Pasajeros Pre'!$O$2:$O$4995,0)),"") -> Flight scheduled | C11: =IFERROR(INDEX('Pasajeros Pre'!$B$2:$B$195,MATCH(ROW()-ROW($A$1),'Pasajeros Pre'!$O$2:$O$195,0)),"") -> Mexicana de Aviación | D11: =IFERROR(INDEX('Pasajeros Pre'!$C$2:C5004,MATCH(ROW()-ROW($B$1),'Pasajeros Pre'!$O$2:$O$4995,0)),"") -> 295 | E11: =IFERROR(INDEX('Pasajeros Pre'!$D$2:D5004,MATCH(ROW()-ROW($B$1),'Pasajeros Pre'!$O$2:$O$4995,0)),"") -> XN 1107 | F11: =IFERROR(INDEX('Pasajeros Pre'!$E$2:E5004,MATCH(ROW()-ROW($B$1),'Pasajeros Pre'!$O$2:$O$4995,0)),"") -> 46161.955 | G11: =IFERROR(INDEX('Pasajeros Pre'!$F$2:F5004,MATCH(ROW()-ROW($B$1),'Pasajeros Pre'!$O$2:$O$4995,0)),"") -> Monterrey | H11: =IFERROR(INDEX('Pasajeros Pre'!$G$2:G5004,MATCH(ROW()-ROW($B$1),'Pasajeros Pre'!$O$2:$O$4995,0)),"") -> 3 | I11: =IFERROR(INDEX('Pasajeros Pre'!$H$2:H5004,MATCH(ROW()-ROW($B$1),'Pasajeros Pre'!$O$2:$O$4995,0)),"") -> 112B | J11: =IFERROR(INDEX('Pasajeros Pre'!$I$2:I5004,MATCH(ROW()-ROW($B$1),'Pasajeros Pre'!$O$2:$O$4995,0)),"") -> XN 1100 | K11: =IFERROR(INDEX('Pasajeros Pre'!$J$2:J5004,MATCH(ROW()-ROW($B$1),'Pasajeros Pre'!$O$2:$O$4995,0)),"") -> Monterrey | L11: =IFERROR(INDEX('Pasajeros Pre'!$K$2:K5004,MATCH(ROW()-ROW($B$1),'Pasajeros Pre'!$O$2:$O$4995,0)),"") -> 46162.25 | M11: =IFERROR(INDEX('Pasajeros Pre'!$L$2:L5004,MATCH(ROW()-ROW($B$1),'Pasajeros Pre'!$O$2:$O$4995,0)),"") -> J | N11: =ROUNDDOWN(HOUR(F11),1)+1 -> 23 | O11: =VLOOKUP(N11,'Time Chart'!$A$2:$D$25,4,0) -> 22:00 A 22:59 | P11: =ROUNDDOWN(HOUR(L11),1)+1 -> 7 | Q11: =VLOOKUP(P11,'Time Chart'!$A$2:$D$25,4,0) -> 06:00 A 06:59 | R11: =TEXT(F11,"dd/mm/aaaa") -> 19/05/2026 | S11: =COUNTIFS(Hoja1!$R$2,"="&R11) -> 0 | T11: =TEXT(L11,"dd/mm/aaaa") -> 20/05/2026 | U11: =COUNTIFS(Hoja1!$R$2,"="&T11) -> 1
A12: =ROW(A11) -> 11 | B12: =IFERROR(INDEX('Pasajeros Pre'!$A$2:A5005,MATCH(ROW()-ROW($B$1),'Pasajeros Pre'!$O$2:$O$4995,0)),"") -> Flight scheduled | C12: =IFERROR(INDEX('Pasajeros Pre'!$B$2:$B$195,MATCH(ROW()-ROW($A$1),'Pasajeros Pre'!$O$2:$O$195,0)),"") -> Mexicana de Aviación | D12: =IFERROR(INDEX('Pasajeros Pre'!$C$2:C5005,MATCH(ROW()-ROW($B$1),'Pasajeros Pre'!$O$2:$O$4995,0)),"") -> 295 | E12: =IFERROR(INDEX('Pasajeros Pre'!$D$2:D5005,MATCH(ROW()-ROW($B$1),'Pasajeros Pre'!$O$2:$O$4995,0)),"") -> XN 1437 | F12: =IFERROR(INDEX('Pasajeros Pre'!$E$2:E5005,MATCH(ROW()-ROW($B$1),'Pasajeros Pre'!$O$2:$O$4995,0)),"") -> 46161.958 | G12: =IFERROR(INDEX('Pasajeros Pre'!$F$2:F5005,MATCH(ROW()-ROW($B$1),'Pasajeros Pre'!$O$2:$O$4995,0)),"") -> Guadalajara | H12: =IFERROR(INDEX('Pasajeros Pre'!$G$2:G5005,MATCH(ROW()-ROW($B$1),'Pasajeros Pre'!$O$2:$O$4995,0)),"") -> 3 | I12: =IFERROR(INDEX('Pasajeros Pre'!$H$2:H5005,MATCH(ROW()-ROW($B$1),'Pasajeros Pre'!$O$2:$O$4995,0)),"") -> 108A | J12: =IFERROR(INDEX('Pasajeros Pre'!$I$2:I5005,MATCH(ROW()-ROW($B$1),'Pasajeros Pre'!$O$2:$O$4995,0)),"") -> XN 1760 | K12: =IFERROR(INDEX('Pasajeros Pre'!$J$2:J5005,MATCH(ROW()-ROW($B$1),'Pasajeros Pre'!$O$2:$O$4995,0)),"") -> Mérida | L12: =IFERROR(INDEX('Pasajeros Pre'!$K$2:K5005,MATCH(ROW()-ROW($B$1),'Pasajeros Pre'!$O$2:$O$4995,0)),"") -> 46162.285 | M12: =IFERROR(INDEX('Pasajeros Pre'!$L$2:L5005,MATCH(ROW()-ROW($B$1),'Pasajeros Pre'!$O$2:$O$4995,0)),"") -> J | N12: =ROUNDDOWN(HOUR(F12),1)+1 -> 24 | O12: =VLOOKUP(N12,'Time Chart'!$A$2:$D$25,4,0) -> 23:00 A 23:59 | P12: =ROUNDDOWN(HOUR(L12),1)+1 -> 7 | Q12: =VLOOKUP(P12,'Time Chart'!$A$2:$D$25,4,0) -> 06:00 A 06:59 | R12: =TEXT(F12,"dd/mm/aaaa") -> 19/05/2026 | S12: =COUNTIFS(Hoja1!$R$2,"="&R12) -> 0 | T12: =TEXT(L12,"dd/mm/aaaa") -> 20/05/2026 | U12: =COUNTIFS(Hoja1!$R$2,"="&T12) -> 1
A13: =ROW(A12) -> 12 | B13: =IFERROR(INDEX('Pasajeros Pre'!$A$2:A5006,MATCH(ROW()-ROW($B$1),'Pasajeros Pre'!$O$2:$O$4995,0)),"") -> Flight activated | C13: =IFERROR(INDEX('Pasajeros Pre'!$B$2:$B$195,MATCH(ROW()-ROW($A$1),'Pasajeros Pre'!$O$2:$O$195,0)),"") -> Viva | D13: =IFERROR(INDEX('Pasajeros Pre'!$C$2:C5006,MATCH(ROW()-ROW($B$1),'Pasajeros Pre'!$O$2:$O$4995,0)),"") -> 321 | E13: =IFERROR(INDEX('Pasajeros Pre'!$D$2:D5006,MATCH(ROW()-ROW($B$1),'Pasajeros Pre'!$O$2:$O$4995,0)),"") -> VB 2288 | F13: =IFERROR(INDEX('Pasajeros Pre'!$E$2:E5006,MATCH(ROW()-ROW($B$1),'Pasajeros Pre'!$O$2:$O$4995,0)),"") -> 46161.962 | G13: =IFERROR(INDEX('Pasajeros Pre'!$F$2:F5006,MATCH(ROW()-ROW($B$1),'Pasajeros Pre'!$O$2:$O$4995,0)),"") -> Cancún | H13: =IFERROR(INDEX('Pasajeros Pre'!$G$2:G5006,MATCH(ROW()-ROW($B$1),'Pasajeros Pre'!$O$2:$O$4995,0)),"") -> 2 | I13: =IFERROR(INDEX('Pasajeros Pre'!$H$2:H5006,MATCH(ROW()-ROW($B$1),'Pasajeros Pre'!$O$2:$O$4995,0)),"") -> 502 | J13: =IFERROR(INDEX('Pasajeros Pre'!$I$2:I5006,MATCH(ROW()-ROW($B$1),'Pasajeros Pre'!$O$2:$O$4995,0)),"") -> VB 2281 | K13: =IFERROR(INDEX('Pasajeros Pre'!$J$2:J5006,MATCH(ROW()-ROW($B$1),'Pasajeros Pre'!$O$2:$O$4995,0)),"") -> Cancún | L13: =IFERROR(INDEX('Pasajeros Pre'!$K$2:K5006,MATCH(ROW()-ROW($B$1),'Pasajeros Pre'!$O$2:$O$4995,0)),"") -> 46162.264 | M13: =IFERROR(INDEX('Pasajeros Pre'!$L$2:L5006,MATCH(ROW()-ROW($B$1),'Pasajeros Pre'!$O$2:$O$4995,0)),"") -> J | N13: =ROUNDDOWN(HOUR(F13),1)+1 -> 24 | O13: =VLOOKUP(N13,'Time Chart'!$A$2:$D$25,4,0) -> 23:00 A 23:59 | P13: =ROUNDDOWN(HOUR(L13),1)+1 -> 7 | Q13: =VLOOKUP(P13,'Time Chart'!$A$2:$D$25,4,0) -> 06:00 A 06:59 | R13: =TEXT(F13,"dd/mm/aaaa") -> 19/05/2026 | S13: =COUNTIFS(Hoja1!$R$2,"="&R13) -> 0 | T13: =TEXT(L13,"dd/mm/aaaa") -> 20/05/2026 | U13: =COUNTIFS(Hoja1!$R$2,"="&T13) -> 1
... A54: =ROW(A53) -> 53 | B54: =IFERROR(INDEX('Pasajeros Pre'!$A$2:A5047,MATCH(ROW()-ROW($B$1),'Pasajeros Pre'!$O$2:$O$4995,0)),"") -> Flight scheduled | C54: =IFERROR(INDEX('Pasajeros Pre'!$B$2:$B$195,MATCH(ROW()-ROW($A$1),'Pasajeros Pre'!$O$2:$O$195,0)),"") -> Volaris | D54: =IFERROR(INDEX('Pasajeros Pre'!$C$2:C5047,MATCH(ROW()-ROW($B$1),'Pasajeros Pre'!$O$2:$O$4995,0)),"") -> 32N | E54: =IFERROR(INDEX('Pasajeros Pre'!$D$2:D5047,MATCH(ROW()-ROW($B$1),'Pasajeros Pre'!$O$2:$O$4995,0)),"") -> Y4 3532 | F54: =IFERROR(INDEX('Pasajeros Pre'!$E$2:E5047,MATCH(ROW()-ROW($B$1),'Pasajeros Pre'!$O$2:$O$4995,0)),"") -> 46162.68 | G54: =IFERROR(INDEX('Pasajeros Pre'!$F$2:F5047,MATCH(ROW()-ROW($B$1),'Pasajeros Pre'!$O$2:$O$4995,0)),"") -> Cancún | H54: =IFERROR(INDEX('Pasajeros Pre'!$G$2:G5047,MATCH(ROW()-ROW($B$1),'Pasajeros Pre'!$O$2:$O$4995,0)),"") -> 2 | I54: =IFERROR(INDEX('Pasajeros Pre'!$H$2:H5047,MATCH(ROW()-ROW($B$1),'Pasajeros Pre'!$O$2:$O$4995,0)),"") -> 109A | J54: =IFERROR(INDEX('Pasajeros Pre'!$I$2:I5047,MATCH(ROW()-ROW($B$1),'Pasajeros Pre'!$O$2:$O$4995,0)),"") -> Y4 1293 | K54: =IFERROR(INDEX('Pasajeros Pre'!$J$2:J5047,MATCH(ROW()-ROW($B$1),'Pasajeros Pre'!$O$2:$O$4995,0)),"") -> Guadalajara | L54: =IFERROR(INDEX('Pasajeros Pre'!$K$2:K5047,MATCH(ROW()-ROW($B$1),'Pasajeros Pre'!$O$2:$O$4995,0)),"") -> 46162.719 | M54: =IFERROR(INDEX('Pasajeros Pre'!$L$2:L5047,MATCH(ROW()-ROW($B$1),'Pasajeros Pre'!$O$2:$O$4995,0)),"") -> J | N54: =ROUNDDOWN(HOUR(F54),1)+1 -> 17 | O54: =VLOOKUP(N54,'Time Chart'!$A$2:$D$25,4,0) -> 16:00 A 16:59 | P54: =ROUNDDOWN(HOUR(L54),1)+1 -> 18 | Q54: =VLOOKUP(P54,'Time Chart'!$A$2:$D$25,4,0) -> 17:00 A 17:59 | R54: =TEXT(F54,"dd/mm/aaaa") -> 20/05/2026 | S54: =COUNTIFS(Hoja1!$R$2,"="&R54) -> 1 | T54: =TEXT(L54,"dd/mm/aaaa") -> 20/05/2026 | U54: =COUNTIFS(Hoja1!$R$2,"="&T54) -> 1
A55: =ROW(A54) -> 54 | B55: =IFERROR(INDEX('Pasajeros Pre'!$A$2:A5048,MATCH(ROW()-ROW($B$1),'Pasajeros Pre'!$O$2:$O$4995,0)),"") -> Flight scheduled | C55: =IFERROR(INDEX('Pasajeros Pre'!$B$2:$B$300,MATCH(ROW()-ROW($A$1),'Pasajeros Pre'!$O$2:$O$195,0)),"") -> Viva | D55: =IFERROR(INDEX('Pasajeros Pre'!$C$2:C5048,MATCH(ROW()-ROW($B$1),'Pasajeros Pre'!$O$2:$O$4995,0)),"") -> 32A | E55: =IFERROR(INDEX('Pasajeros Pre'!$D$2:D5048,MATCH(ROW()-ROW($B$1),'Pasajeros Pre'!$O$2:$O$4995,0)),"") -> VB 9533 | F55: =IFERROR(INDEX('Pasajeros Pre'!$E$2:E5048,MATCH(ROW()-ROW($B$1),'Pasajeros Pre'!$O$2:$O$4995,0)),"") -> 46162.684 | G55: =IFERROR(INDEX('Pasajeros Pre'!$F$2:F5048,MATCH(ROW()-ROW($B$1),'Pasajeros Pre'!$O$2:$O$4995,0)),"") -> Matamoros | H55: =IFERROR(INDEX('Pasajeros Pre'!$G$2:G5048,MATCH(ROW()-ROW($B$1),'Pasajeros Pre'!$O$2:$O$4995,0)),"") -> 1 | I55: =IFERROR(INDEX('Pasajeros Pre'!$H$2:H5048,MATCH(ROW()-ROW($B$1),'Pasajeros Pre'!$O$2:$O$4995,0)),"") -> 505 | J55: =IFERROR(INDEX('Pasajeros Pre'!$I$2:I5048,MATCH(ROW()-ROW($B$1),'Pasajeros Pre'!$O$2:$O$4995,0)),"") -> VB 9522 | K55: =IFERROR(INDEX('Pasajeros Pre'!$J$2:J5048,MATCH(ROW()-ROW($B$1),'Pasajeros Pre'!$O$2:$O$4995,0)),"") -> Guadalajara | L55: =IFERROR(INDEX('Pasajeros Pre'!$K$2:K5048,MATCH(ROW()-ROW($B$1),'Pasajeros Pre'!$O$2:$O$4995,0)),"") -> 46162.708 | M55: =IFERROR(INDEX('Pasajeros Pre'!$L$2:L5048,MATCH(ROW()-ROW($B$1),'Pasajeros Pre'!$O$2:$O$4995,0)),"") -> J | N55: =ROUNDDOWN(HOUR(F55),1)+1 -> 17 | O55: =VLOOKUP(N55,'Time Chart'!$A$2:$D$25,4,0) -> 16:00 A 16:59 | P55: =ROUNDDOWN(HOUR(L55),1)+1 -> 18 | Q55: =VLOOKUP(P55,'Time Chart'!$A$2:$D$25,4,0) -> 17:00 A 17:59 | R55: =TEXT(F55,"dd/mm/aaaa") -> 20/05/2026 | S55: =COUNTIFS(Hoja1!$R$2,"="&R55) -> 1 | T55: =TEXT(L55,"dd/mm/aaaa") -> 20/05/2026 | U55: =COUNTIFS(Hoja1!$R$2,"="&T55) -> 1
A56: =ROW(A55) -> 55 | B56: =IFERROR(INDEX('Pasajeros Pre'!$A$2:A5049,MATCH(ROW()-ROW($B$1),'Pasajeros Pre'!$O$2:$O$4995,0)),"") -> Flight scheduled | C56: =IFERROR(INDEX('Pasajeros Pre'!$B$2:$B$195,MATCH(ROW()-ROW($A$1),'Pasajeros Pre'!$O$2:$O$195,0)),"") -> Volaris | D56: =IFERROR(INDEX('Pasajeros Pre'!$C$2:C5049,MATCH(ROW()-ROW($B$1),'Pasajeros Pre'!$O$2:$O$4995,0)),"") -> 32N | E56: =IFERROR(INDEX('Pasajeros Pre'!$D$2:D5049,MATCH(ROW()-ROW($B$1),'Pasajeros Pre'!$O$2:$O$4995,0)),"") -> Y4 7121 | F56: =IFERROR(INDEX('Pasajeros Pre'!$E$2:E5049,MATCH(ROW()-ROW($B$1),'Pasajeros Pre'!$O$2:$O$4995,0)),"") -> 46162.708 | G56: =IFERROR(INDEX('Pasajeros Pre'!$F$2:F5049,MATCH(ROW()-ROW($B$1),'Pasajeros Pre'!$O$2:$O$4995,0)),"") -> Los Cabos | H56: =IFERROR(INDEX('Pasajeros Pre'!$G$2:G5049,MATCH(ROW()-ROW($B$1),'Pasajeros Pre'!$O$2:$O$4995,0)),"") -> 2 | I56: =IFERROR(INDEX('Pasajeros Pre'!$H$2:H5049,MATCH(ROW()-ROW($B$1),'Pasajeros Pre'!$O$2:$O$4995,0)),"") -> 109B | J56: =IFERROR(INDEX('Pasajeros Pre'!$I$2:I5049,MATCH(ROW()-ROW($B$1),'Pasajeros Pre'!$O$2:$O$4995,0)),"") -> Y4 7110 | K56: =IFERROR(INDEX('Pasajeros Pre'!$J$2:J5049,MATCH(ROW()-ROW($B$1),'Pasajeros Pre'!$O$2:$O$4995,0)),"") -> Mérida | L56: =IFERROR(INDEX('Pasajeros Pre'!$K$2:K5049,MATCH(ROW()-ROW($B$1),'Pasajeros Pre'!$O$2:$O$4995,0)),"") -> 46163.256 | M56: =IFERROR(INDEX('Pasajeros Pre'!$L$2:L5049,MATCH(ROW()-ROW($B$1),'Pasajeros Pre'!$O$2:$O$4995,0)),"") -> J | N56: =ROUNDDOWN(HOUR(F56),1)+1 -> 17 | O56: =VLOOKUP(N56,'Time Chart'!$A$2:$D$25,4,0) -> 16:00 A 16:59 | P56: =ROUNDDOWN(HOUR(L56),1)+1 -> 7 | Q56: =VLOOKUP(P56,'Time Chart'!$A$2:$D$25,4,0) -> 06:00 A 06:59 | R56: =TEXT(F56,"dd/mm/aaaa") -> 20/05/2026 | S56: =COUNTIFS(Hoja1!$R$2,"="&R56) -> 1 | T56: =TEXT(L56,"dd/mm/aaaa") -> 21/05/2026 | U56: =COUNTIFS(Hoja1!$R$2,"="&T56) -> 0
A57: =ROW(A56) -> 56 | B57: =IFERROR(INDEX('Pasajeros Pre'!$A$2:A5050,MATCH(ROW()-ROW($B$1),'Pasajeros Pre'!$O$2:$O$4995,0)),"") -> Flight scheduled | C57: =IFERROR(INDEX('Pasajeros Pre'!$B$2:$B$195,MATCH(ROW()-ROW($A$1),'Pasajeros Pre'!$O$2:$O$195,0)),"") -> Viva | D57: =IFERROR(INDEX('Pasajeros Pre'!$C$2:C5050,MATCH(ROW()-ROW($B$1),'Pasajeros Pre'!$O$2:$O$4995,0)),"") -> 320 | E57: =IFERROR(INDEX('Pasajeros Pre'!$D$2:D5050,MATCH(ROW()-ROW($B$1),'Pasajeros Pre'!$O$2:$O$4995,0)),"") -> VB 7434 | F57: =IFERROR(INDEX('Pasajeros Pre'!$E$2:E5050,MATCH(ROW()-ROW($B$1),'Pasajeros Pre'!$O$2:$O$4995,0)),"") -> 46162.708 | G57: =IFERROR(INDEX('Pasajeros Pre'!$F$2:F5050,MATCH(ROW()-ROW($B$1),'Pasajeros Pre'!$O$2:$O$4995,0)),"") -> Ciudad Juárez | H57: =IFERROR(INDEX('Pasajeros Pre'!$G$2:G5050,MATCH(ROW()-ROW($B$1),'Pasajeros Pre'!$O$2:$O$4995,0)),"") -> 3 | I57: =IFERROR(INDEX('Pasajeros Pre'!$H$2:H5050,MATCH(ROW()-ROW($B$1),'Pasajeros Pre'!$O$2:$O$4995,0)),"") -> 504 | J57: =IFERROR(INDEX('Pasajeros Pre'!$I$2:I5050,MATCH(ROW()-ROW($B$1),'Pasajeros Pre'!$O$2:$O$4995,0)),"") -> VB 7434 | K57: =IFERROR(INDEX('Pasajeros Pre'!$J$2:J5050,MATCH(ROW()-ROW($B$1),'Pasajeros Pre'!$O$2:$O$4995,0)),"") -> Veracruz | L57: =IFERROR(INDEX('Pasajeros Pre'!$K$2:K5050,MATCH(ROW()-ROW($B$1),'Pasajeros Pre'!$O$2:$O$4995,0)),"") -> 46162.729 | M57: =IFERROR(INDEX('Pasajeros Pre'!$L$2:L5050,MATCH(ROW()-ROW($B$1),'Pasajeros Pre'!$O$2:$O$4995,0)),"") -> J | N57: =ROUNDDOWN(HOUR(F57),1)+1 -> 18 | O57: =VLOOKUP(N57,'Time Chart'!$A$2:$D$25,4,0) -> 17:00 A 17:59 | P57: =ROUNDDOWN(HOUR(L57),1)+1 -> 18 | Q57: =VLOOKUP(P57,'Time Chart'!$A$2:$D$25,4,0) -> 17:00 A 17:59 | R57: =TEXT(F57,"dd/mm/aaaa") -> 20/05/2026 | S57: =COUNTIFS(Hoja1!$R$2,"="&R57) -> 1 | T57: =TEXT(L57,"dd/mm/aaaa") -> 20/05/2026 | U57: =COUNTIFS(Hoja1!$R$2,"="&T57) -> 1
A58: =ROW(A57) -> 57 | B58: =IFERROR(INDEX('Pasajeros Pre'!$A$2:A5051,MATCH(ROW()-ROW($B$1),'Pasajeros Pre'!$O$2:$O$4995,0)),"") -> Flight scheduled | C58: =IFERROR(INDEX('Pasajeros Pre'!$B$2:$B$195,MATCH(ROW()-ROW($A$1),'Pasajeros Pre'!$O$2:$O$195,0)),"") -> Viva | D58: =IFERROR(INDEX('Pasajeros Pre'!$C$2:C5051,MATCH(ROW()-ROW($B$1),'Pasajeros Pre'!$O$2:$O$4995,0)),"") -> 321 | E58: =IFERROR(INDEX('Pasajeros Pre'!$D$2:D5051,MATCH(ROW()-ROW($B$1),'Pasajeros Pre'!$O$2:$O$4995,0)),"") -> VB 7417 | F58: =IFERROR(INDEX('Pasajeros Pre'!$E$2:E5051,MATCH(ROW()-ROW($B$1),'Pasajeros Pre'!$O$2:$O$4995,0)),"") -> 46162.708 | G58: =IFERROR(INDEX('Pasajeros Pre'!$F$2:F5051,MATCH(ROW()-ROW($B$1),'Pasajeros Pre'!$O$2:$O$4995,0)),"") -> Culiacán | H58: =IFERROR(INDEX('Pasajeros Pre'!$G$2:G5051,MATCH(ROW()-ROW($B$1),'Pasajeros Pre'!$O$2:$O$4995,0)),"") -> 3 | I58: =IFERROR(INDEX('Pasajeros Pre'!$H$2:H5051,MATCH(ROW()-ROW($B$1),'Pasajeros Pre'!$O$2:$O$4995,0)),"") -> 115B | J58: =IFERROR(INDEX('Pasajeros Pre'!$I$2:I5051,MATCH(ROW()-ROW($B$1),'Pasajeros Pre'!$O$2:$O$4995,0)),"") -> VB 7417 | K58: =IFERROR(INDEX('Pasajeros Pre'!$J$2:J5051,MATCH(ROW()-ROW($B$1),'Pasajeros Pre'!$O$2:$O$4995,0)),"") -> Cancún | L58: =IFERROR(INDEX('Pasajeros Pre'!$K$2:K5051,MATCH(ROW()-ROW($B$1),'Pasajeros Pre'!$O$2:$O$4995,0)),"") -> 46162.74 | M58: =IFERROR(INDEX('Pasajeros Pre'!$L$2:L5051,MATCH(ROW()-ROW($B$1),'Pasajeros Pre'!$O$2:$O$4995,0)),"") -> J | N58: =ROUNDDOWN(HOUR(F58),1)+1 -> 18 | O58: =VLOOKUP(N58,'Time Chart'!$A$2:$D$25,4,0) -> 17:00 A 17:59 | P58: =ROUNDDOWN(HOUR(L58),1)+1 -> 18 | Q58: =VLOOKUP(P58,'Time Chart'!$A$2:$D$25,4,0) -> 17:00 A 17:59 | R58: =TEXT(F58,"dd/mm/aaaa") -> 20/05/2026 | S58: =COUNTIFS(Hoja1!$R$2,"="&R58) -> 1 | T58: =TEXT(L58,"dd/mm/aaaa") -> 20/05/2026 | U58: =COUNTIFS(Hoja1!$R$2,"="&T58) -> 1
A59: =ROW(A58) -> 58 | B59: =IFERROR(INDEX('Pasajeros Pre'!$A$2:A5052,MATCH(ROW()-ROW($B$1),'Pasajeros Pre'!$O$2:$O$4995,0)),"") -> Flight scheduled | C59: =IFERROR(INDEX('Pasajeros Pre'!$B$2:$B$195,MATCH(ROW()-ROW($A$1),'Pasajeros Pre'!$O$2:$O$195,0)),"") -> Viva | D59: =IFERROR(INDEX('Pasajeros Pre'!$C$2:C5052,MATCH(ROW()-ROW($B$1),'Pasajeros Pre'!$O$2:$O$4995,0)),"") -> 32A | E59: =IFERROR(INDEX('Pasajeros Pre'!$D$2:D5052,MATCH(ROW()-ROW($B$1),'Pasajeros Pre'!$O$2:$O$4995,0)),"") -> VB 7304 | F59: =IFERROR(INDEX('Pasajeros Pre'!$E$2:E5052,MATCH(ROW()-ROW($B$1),'Pasajeros Pre'!$O$2:$O$4995,0)),"") -> 46162.712 | G59: =IFERROR(INDEX('Pasajeros Pre'!$F$2:F5052,MATCH(ROW()-ROW($B$1),'Pasajeros Pre'!$O$2:$O$4995,0)),"") -> Guadalajara | H59: =IFERROR(INDEX('Pasajeros Pre'!$G$2:G5052,MATCH(ROW()-ROW($B$1),'Pasajeros Pre'!$O$2:$O$4995,0)),"") -> 1 | I59: =IFERROR(INDEX('Pasajeros Pre'!$H$2:H5052,MATCH(ROW()-ROW($B$1),'Pasajeros Pre'!$O$2:$O$4995,0)),"") -> 107B | J59: =IFERROR(INDEX('Pasajeros Pre'!$I$2:I5052,MATCH(ROW()-ROW($B$1),'Pasajeros Pre'!$O$2:$O$4995,0)),"") -> VB 7304 | K59: =IFERROR(INDEX('Pasajeros Pre'!$J$2:J5052,MATCH(ROW()-ROW($B$1),'Pasajeros Pre'!$O$2:$O$4995,0)),"") -> Tampico | L59: =IFERROR(INDEX('Pasajeros Pre'!$K$2:K5052,MATCH(ROW()-ROW($B$1),'Pasajeros Pre'!$O$2:$O$4995,0)),"") -> 46162.736 | M59: =IFERROR(INDEX('Pasajeros Pre'!$L$2:L5052,MATCH(ROW()-ROW($B$1),'Pasajeros Pre'!$O$2:$O$4995,0)),"") -> J | N59: =ROUNDDOWN(HOUR(F59),1)+1 -> 18 | O59: =VLOOKUP(N59,'Time Chart'!$A$2:$D$25,4,0) -> 17:00 A 17:59 | P59: =ROUNDDOWN(HOUR(L59),1)+1 -> 18 | Q59: =VLOOKUP(P59,'Time Chart'!$A$2:$D$25,4,0) -> 17:00 A 17:59 | R59: =TEXT(F59,"dd/mm/aaaa") -> 20/05/2026 | S59: =COUNTIFS(Hoja1!$R$2,"="&R59) -> 1 | T59: =TEXT(L59,"dd/mm/aaaa") -> 20/05/2026 | U59: =COUNTIFS(Hoja1!$R$2,"="&T59) -> 1
A60: =ROW(A59) -> 59 | B60: =IFERROR(INDEX('Pasajeros Pre'!$A$2:A5053,MATCH(ROW()-ROW($B$1),'Pasajeros Pre'!$O$2:$O$4995,0)),"") -> Flight scheduled | C60: =IFERROR(INDEX('Pasajeros Pre'!$B$2:$B$195,MATCH(ROW()-ROW($A$1),'Pasajeros Pre'!$O$2:$O$195,0)),"") -> Aerus | D60: =IFERROR(INDEX('Pasajeros Pre'!$C$2:C5053,MATCH(ROW()-ROW($B$1),'Pasajeros Pre'!$O$2:$O$4995,0)),"") -> CNF | E60: =IFERROR(INDEX('Pasajeros Pre'!$D$2:D5053,MATCH(ROW()-ROW($B$1),'Pasajeros Pre'!$O$2:$O$4995,0)),"") -> ZV 361 | F60: =IFERROR(INDEX('Pasajeros Pre'!$E$2:E5053,MATCH(ROW()-ROW($B$1),'Pasajeros Pre'!$O$2:$O$4995,0)),"") -> 46162.712 | G60: =IFERROR(INDEX('Pasajeros Pre'!$F$2:F5053,MATCH(ROW()-ROW($B$1),'Pasajeros Pre'!$O$2:$O$4995,0)),"") -> Ciudad Victoria | H60: =IFERROR(INDEX('Pasajeros Pre'!$G$2:G5053,MATCH(ROW()-ROW($B$1),'Pasajeros Pre'!$O$2:$O$4995,0)),"") -> 2 | I60: =IFERROR(INDEX('Pasajeros Pre'!$H$2:H5053,MATCH(ROW()-ROW($B$1),'Pasajeros Pre'!$O$2:$O$4995,0)),"") -> 501 | J60: =IFERROR(INDEX('Pasajeros Pre'!$I$2:I5053,MATCH(ROW()-ROW($B$1),'Pasajeros Pre'!$O$2:$O$4995,0)),"") -> ZV 303 | K60: =IFERROR(INDEX('Pasajeros Pre'!$J$2:J5053,MATCH(ROW()-ROW($B$1),'Pasajeros Pre'!$O$2:$O$4995,0)),"") -> Ixtepec | L60: =IFERROR(INDEX('Pasajeros Pre'!$K$2:K5053,MATCH(ROW()-ROW($B$1),'Pasajeros Pre'!$O$2:$O$4995,0)),"") -> 46163.51 | M60: =IFERROR(INDEX('Pasajeros Pre'!$L$2:L5053,MATCH(ROW()-ROW($B$1),'Pasajeros Pre'!$O$2:$O$4995,0)),"") -> J | N60: =ROUNDDOWN(HOUR(F60),1)+1 -> 18 | O60: =VLOOKUP(N60,'Time Chart'!$A$2:$D$25,4,0) -> 17:00 A 17:59 | P60: =ROUNDDOWN(HOUR(L60),1)+1 -> 13 | Q60: =VLOOKUP(P60,'Time Chart'!$A$2:$D$25,4,0) -> 12:00 A 12:59 | R60: =TEXT(F60,"dd/mm/aaaa") -> 20/05/2026 | S60: =COUNTIFS(Hoja1!$R$2,"="&R60) -> 1 | T60: =TEXT(L60,"dd/mm/aaaa") -> 21/05/2026 | U60: =COUNTIFS(Hoja1!$R$2,"="&T60) -> 0
A61: =ROW(A60) -> 60 | B61: =IFERROR(INDEX('Pasajeros Pre'!$A$2:A5054,MATCH(ROW()-ROW($B$1),'Pasajeros Pre'!$O$2:$O$4995,0)),"") -> Flight scheduled | C61: =IFERROR(INDEX('Pasajeros Pre'!$B$2:$B$195,MATCH(ROW()-ROW($A$1),'Pasajeros Pre'!$O$2:$O$195,0)),"") -> Aeromexico | D61: =IFERROR(INDEX('Pasajeros Pre'!$C$2:C5054,MATCH(ROW()-ROW($B$1),'Pasajeros Pre'!$O$2:$O$4995,0)),"") -> E90 | E61: =IFERROR(INDEX('Pasajeros Pre'!$D$2:D5054,MATCH(ROW()-ROW($B$1),'Pasajeros Pre'!$O$2:$O$4995,0)),"") -> AM 875 | F61: =IFERROR(INDEX('Pasajeros Pre'!$E$2:E5054,MATCH(ROW()-ROW($B$1),'Pasajeros Pre'!$O$2:$O$4995,0)),"") -> 46162.72 | G61: =IFERROR(INDEX('Pasajeros Pre'!$F$2:F5054,MATCH(ROW()-ROW($B$1),'Pasajeros Pre'!$O$2:$O$4995,0)),"") -> Mérida | H61: =IFERROR(INDEX('Pasajeros Pre'!$G$2:G5054,MATCH(ROW()-ROW($B$1),'Pasajeros Pre'!$O$2:$O$4995,0)),"") -> 3 | I61: =IFERROR(INDEX('Pasajeros Pre'!$H$2:H5054,MATCH(ROW()-ROW($B$1),'Pasajeros Pre'!$O$2:$O$4995,0)),"") -> 110A | J61: =IFERROR(INDEX('Pasajeros Pre'!$I$2:I5054,MATCH(ROW()-ROW($B$1),'Pasajeros Pre'!$O$2:$O$4995,0)),"") -> AM 872 | K61: =IFERROR(INDEX('Pasajeros Pre'!$J$2:J5054,MATCH(ROW()-ROW($B$1),'Pasajeros Pre'!$O$2:$O$4995,0)),"") -> Veracruz | L61: =IFERROR(INDEX('Pasajeros Pre'!$K$2:K5054,MATCH(ROW()-ROW($B$1),'Pasajeros Pre'!$O$2:$O$4995,0)),"") -> 46162.748 | M61: =IFERROR(INDEX('Pasajeros Pre'!$L$2:L5054,MATCH(ROW()-ROW($B$1),'Pasajeros Pre'!$O$2:$O$4995,0)),"") -> J | N61: =ROUNDDOWN(HOUR(F61),1)+1 -> 18 | O61: =VLOOKUP(N61,'Time Chart'!$A$2:$D$25,4,0) -> 17:00 A 17:59 | P61: =ROUNDDOWN(HOUR(L61),1)+1 -> 18 | Q61: =VLOOKUP(P61,'Time Chart'!$A$2:$D$25,4,0) -> 17:00 A 17:59 | R61: =TEXT(F61,"dd/mm/aaaa") -> 20/05/2026 | S61: =COUNTIFS(Hoja1!$R$2,"="&R61) -> 1 | T61: =TEXT(L61,"dd/mm/aaaa") -> 20/05/2026 | U61: =COUNTIFS(Hoja1!$R$2,"="&T61) -> 1
A62: =ROW(A61) -> 61 | B62: =IFERROR(INDEX('Pasajeros Pre'!$A$2:A5055,MATCH(ROW()-ROW($B$1),'Pasajeros Pre'!$O$2:$O$4995,0)),"") -> Flight scheduled | C62: =IFERROR(INDEX('Pasajeros Pre'!$B$2:$B$195,MATCH(ROW()-ROW($A$1),'Pasajeros Pre'!$O$2:$O$195,0)),"") -> Viva | D62: =IFERROR(INDEX('Pasajeros Pre'!$C$2:C5055,MATCH(ROW()-ROW($B$1),'Pasajeros Pre'!$O$2:$O$4995,0)),"") -> 321 | E62: =IFERROR(INDEX('Pasajeros Pre'!$D$2:D5055,MATCH(ROW()-ROW($B$1),'Pasajeros Pre'!$O$2:$O$4995,0)),"") -> VB 7443 | F62: =IFERROR(INDEX('Pasajeros Pre'!$E$2:E5055,MATCH(ROW()-ROW($B$1),'Pasajeros Pre'!$O$2:$O$4995,0)),"") -> 46162.722 | G62: =IFERROR(INDEX('Pasajeros Pre'!$F$2:F5055,MATCH(ROW()-ROW($B$1),'Pasajeros Pre'!$O$2:$O$4995,0)),"") -> Cancún | H62: =IFERROR(INDEX('Pasajeros Pre'!$G$2:G5055,MATCH(ROW()-ROW($B$1),'Pasajeros Pre'!$O$2:$O$4995,0)),"") -> 1 | I62: =IFERROR(INDEX('Pasajeros Pre'!$H$2:H5055,MATCH(ROW()-ROW($B$1),'Pasajeros Pre'!$O$2:$O$4995,0)),"") -> 107A | J62: =IFERROR(INDEX('Pasajeros Pre'!$I$2:I5055,MATCH(ROW()-ROW($B$1),'Pasajeros Pre'!$O$2:$O$4995,0)),"") -> VB 7443 | K62: =IFERROR(INDEX('Pasajeros Pre'!$J$2:J5055,MATCH(ROW()-ROW($B$1),'Pasajeros Pre'!$O$2:$O$4995,0)),"") -> Los Cabos | L62: =IFERROR(INDEX('Pasajeros Pre'!$K$2:K5055,MATCH(ROW()-ROW($B$1),'Pasajeros Pre'!$O$2:$O$4995,0)),"") -> 46162.75 | M62: =IFERROR(INDEX('Pasajeros Pre'!$L$2:L5055,MATCH(ROW()-ROW($B$1),'Pasajeros Pre'!$O$2:$O$4995,0)),"") -> J | N62: =ROUNDDOWN(HOUR(F62),1)+1 -> 18 | O62: =VLOOKUP(N62,'Time Chart'!$A$2:$D$25,4,0) -> 17:00 A 17:59 | P62: =ROUNDDOWN(HOUR(L62),1)+1 -> 19 | Q62: =VLOOKUP(P62,'Time Chart'!$A$2:$D$25,4,0) -> 18:00 A 18:59 | R62: =TEXT(F62,"dd/mm/aaaa") -> 20/05/2026 | S62: =COUNTIFS(Hoja1!$R$2,"="&R62) -> 1 | T62: =TEXT(L62,"dd/mm/aaaa") -> 20/05/2026 | U62: =COUNTIFS(Hoja1!$R$2,"="&T62) -> 1
A63: =ROW(A62) -> 62 | B63: =IFERROR(INDEX('Pasajeros Pre'!$A$2:A5056,MATCH(ROW()-ROW($B$1),'Pasajeros Pre'!$O$2:$O$4995,0)),"") -> Flight scheduled | C63: =IFERROR(INDEX('Pasajeros Pre'!$B$2:$B$195,MATCH(ROW()-ROW($A$1),'Pasajeros Pre'!$O$2:$O$195,0)),"") -> Viva | D63: =IFERROR(INDEX('Pasajeros Pre'!$C$2:C5056,MATCH(ROW()-ROW($B$1),'Pasajeros Pre'!$O$2:$O$4995,0)),"") -> 32A | E63: =IFERROR(INDEX('Pasajeros Pre'!$D$2:D5056,MATCH(ROW()-ROW($B$1),'Pasajeros Pre'!$O$2:$O$4995,0)),"") -> VB 7016 | F63: =IFERROR(INDEX('Pasajeros Pre'!$E$2:E5056,MATCH(ROW()-ROW($B$1),'Pasajeros Pre'!$O$2:$O$4995,0)),"") -> 46162.729 | G63: =IFERROR(INDEX('Pasajeros Pre'!$F$2:F5056,MATCH(ROW()-ROW($B$1),'Pasajeros Pre'!$O$2:$O$4995,0)),"") -> Monterrey | H63: =IFERROR(INDEX('Pasajeros Pre'!$G$2:G5056,MATCH(ROW()-ROW($B$1),'Pasajeros Pre'!$O$2:$O$4995,0)),"") -> 2 | I63: =IFERROR(INDEX('Pasajeros Pre'!$H$2:H5056,MATCH(ROW()-ROW($B$1),'Pasajeros Pre'!$O$2:$O$4995,0)),"") -> 503 | J63: =IFERROR(INDEX('Pasajeros Pre'!$I$2:I5056,MATCH(ROW()-ROW($B$1),'Pasajeros Pre'!$O$2:$O$4995,0)),"") -> VB 7016 | K63: =IFERROR(INDEX('Pasajeros Pre'!$J$2:J5056,MATCH(ROW()-ROW($B$1),'Pasajeros Pre'!$O$2:$O$4995,0)),"") -> Acapulco | L63: =IFERROR(INDEX('Pasajeros Pre'!$K$2:K5056,MATCH(ROW()-ROW($B$1),'Pasajeros Pre'!$O$2:$O$4995,0)),"") -> 46162.753 | M63: =IFERROR(INDEX('Pasajeros Pre'!$L$2:L5056,MATCH(ROW()-ROW($B$1),'Pasajeros Pre'!$O$2:$O$4995,0)),"") -> J | N63: =ROUNDDOWN(HOUR(F63),1)+1 -> 18 | O63: =VLOOKUP(N63,'Time Chart'!$A$2:$D$25,4,0) -> 17:00 A 17:59 | P63: =ROUNDDOWN(HOUR(L63),1)+1 -> 19 | Q63: =VLOOKUP(P63,'Time Chart'!$A$2:$D$25,4,0) -> 18:00 A 18:59 | R63: =TEXT(F63,"dd/mm/aaaa") -> 20/05/2026 | S63: =COUNTIFS(Hoja1!$R$2,"="&R63) -> 1 | T63: =TEXT(L63,"dd/mm/aaaa") -> 20/05/2026 | U63: =COUNTIFS(Hoja1!$R$2,"="&T63) -> 1
A64: =ROW(A63) -> 63 | B64: =IFERROR(INDEX('Pasajeros Pre'!$A$2:A5057,MATCH(ROW()-ROW($B$1),'Pasajeros Pre'!$O$2:$O$4995,0)),"") -> Flight scheduled | C64: =IFERROR(INDEX('Pasajeros Pre'!$B$2:$B$195,MATCH(ROW()-ROW($A$1),'Pasajeros Pre'!$O$2:$O$195,0)),"") -> Viva | D64: =IFERROR(INDEX('Pasajeros Pre'!$C$2:C5057,MATCH(ROW()-ROW($B$1),'Pasajeros Pre'!$O$2:$O$4995,0)),"") -> 32Q | E64: =IFERROR(INDEX('Pasajeros Pre'!$D$2:D5057,MATCH(ROW()-ROW($B$1),'Pasajeros Pre'!$O$2:$O$4995,0)),"") -> VB 7447 | F64: =IFERROR(INDEX('Pasajeros Pre'!$E$2:E5057,MATCH(ROW()-ROW($B$1),'Pasajeros Pre'!$O$2:$O$4995,0)),"") -> 46162.74 | G64: =IFERROR(INDEX('Pasajeros Pre'!$F$2:F5057,MATCH(ROW()-ROW($B$1),'Pasajeros Pre'!$O$2:$O$4995,0)),"") -> Tulum | H64: =IFERROR(INDEX('Pasajeros Pre'!$G$2:G5057,MATCH(ROW()-ROW($B$1),'Pasajeros Pre'!$O$2:$O$4995,0)),"") -> 1 | I64: =IFERROR(INDEX('Pasajeros Pre'!$H$2:H5057,MATCH(ROW()-ROW($B$1),'Pasajeros Pre'!$O$2:$O$4995,0)),"") -> 106A | J64: =IFERROR(INDEX('Pasajeros Pre'!$I$2:I5057,MATCH(ROW()-ROW($B$1),'Pasajeros Pre'!$O$2:$O$4995,0)),"") -> VB 7447 | K64: =IFERROR(INDEX('Pasajeros Pre'!$J$2:J5057,MATCH(ROW()-ROW($B$1),'Pasajeros Pre'!$O$2:$O$4995,0)),"") -> Hermosillo | L64: =IFERROR(INDEX('Pasajeros Pre'!$K$2:K5057,MATCH(ROW()-ROW($B$1),'Pasajeros Pre'!$O$2:$O$4995,0)),"") -> 46162.771 | M64: =IFERROR(INDEX('Pasajeros Pre'!$L$2:L5057,MATCH(ROW()-ROW($B$1),'Pasajeros Pre'!$O$2:$O$4995,0)),"") -> J | N64: =ROUNDDOWN(HOUR(F64),1)+1 -> 18 | O64: =VLOOKUP(N64,'Time Chart'!$A$2:$D$25,4,0) -> 17:00 A 17:59 | P64: =ROUNDDOWN(HOUR(L64),1)+1 -> 19 | Q64: =VLOOKUP(P64,'Time Chart'!$A$2:$D$25,4,0) -> 18:00 A 18:59 | R64: =TEXT(F64,"dd/mm/aaaa") -> 20/05/2026 | S64: =COUNTIFS(Hoja1!$R$2,"="&R64) -> 1 | T64: =TEXT(L64,"dd/mm/aaaa") -> 20/05/2026 | U64: =COUNTIFS(Hoja1!$R$2,"="&T64) -> 1
A65: =ROW(A64) -> 64 | B65: =IFERROR(INDEX('Pasajeros Pre'!$A$2:A5058,MATCH(ROW()-ROW($B$1),'Pasajeros Pre'!$O$2:$O$4995,0)),"") -> Flight scheduled | C65: =IFERROR(INDEX('Pasajeros Pre'!$B$2:$B$195,MATCH(ROW()-ROW($A$1),'Pasajeros Pre'!$O$2:$O$195,0)),"") -> Viva | D65: =IFERROR(INDEX('Pasajeros Pre'!$C$2:C5058,MATCH(ROW()-ROW($B$1),'Pasajeros Pre'!$O$2:$O$4995,0)),"") -> 32A | E65: =IFERROR(INDEX('Pasajeros Pre'!$D$2:D5058,MATCH(ROW()-ROW($B$1),'Pasajeros Pre'!$O$2:$O$4995,0)),"") -> VB 9221 | F65: =IFERROR(INDEX('Pasajeros Pre'!$E$2:E5058,MATCH(ROW()-ROW($B$1),'Pasajeros Pre'!$O$2:$O$4995,0)),"") -> 46162.753 | G65: =IFERROR(INDEX('Pasajeros Pre'!$F$2:F5058,MATCH(ROW()-ROW($B$1),'Pasajeros Pre'!$O$2:$O$4995,0)),"") -> Puerto Escondido | H65: =IFERROR(INDEX('Pasajeros Pre'!$G$2:G5058,MATCH(ROW()-ROW($B$1),'Pasajeros Pre'!$O$2:$O$4995,0)),"") -> 1 | I65: =IFERROR(INDEX('Pasajeros Pre'!$H$2:H5058,MATCH(ROW()-ROW($B$1),'Pasajeros Pre'!$O$2:$O$4995,0)),"") -> 112A | J65: =IFERROR(INDEX('Pasajeros Pre'!$I$2:I5058,MATCH(ROW()-ROW($B$1),'Pasajeros Pre'!$O$2:$O$4995,0)),"") -> VB 770 | K65: =IFERROR(INDEX('Pasajeros Pre'!$J$2:J5058,MATCH(ROW()-ROW($B$1),'Pasajeros Pre'!$O$2:$O$4995,0)),"") -> Bogotá | L65: =IFERROR(INDEX('Pasajeros Pre'!$K$2:K5058,MATCH(ROW()-ROW($B$1),'Pasajeros Pre'!$O$2:$O$4995,0)),"") -> 46162.799 | M65: =IFERROR(INDEX('Pasajeros Pre'!$L$2:L5058,MATCH(ROW()-ROW($B$1),'Pasajeros Pre'!$O$2:$O$4995,0)),"") -> J | N65: =ROUNDDOWN(HOUR(F65),1)+1 -> 19 | O65: =VLOOKUP(N65,'Time Chart'!$A$2:$D$25,4,0) -> 18:00 A 18:59 | P65: =ROUNDDOWN(HOUR(L65),1)+1 -> 20 | Q65: =VLOOKUP(P65,'Time Chart'!$A$2:$D$25,4,0) -> 19:00 A 19:59 | R65: =TEXT(F65,"dd/mm/aaaa") -> 20/05/2026 | S65: =COUNTIFS(Hoja1!$R$2,"="&R65) -> 1 | T65: =TEXT(L65,"dd/mm/aaaa") -> 20/05/2026 | U65: =COUNTIFS(Hoja1!$R$2,"="&T65) -> 1
A66: =ROW(A65) -> 65 | B66: =IFERROR(INDEX('Pasajeros Pre'!$A$2:A5059,MATCH(ROW()-ROW($B$1),'Pasajeros Pre'!$O$2:$O$4995,0)),"") -> Flight scheduled | C66: =IFERROR(INDEX('Pasajeros Pre'!$B$2:$B$195,MATCH(ROW()-ROW($A$1),'Pasajeros Pre'!$O$2:$O$195,0)),"") -> Aeromexico | D66: =IFERROR(INDEX('Pasajeros Pre'!$C$2:C5059,MATCH(ROW()-ROW($B$1),'Pasajeros Pre'!$O$2:$O$4995,0)),"") -> E90 | E66: =IFERROR(INDEX('Pasajeros Pre'!$D$2:D5059,MATCH(ROW()-ROW($B$1),'Pasajeros Pre'!$O$2:$O$4995,0)),"") -> AM 881 | F66: =IFERROR(INDEX('Pasajeros Pre'!$E$2:E5059,MATCH(ROW()-ROW($B$1),'Pasajeros Pre'!$O$2:$O$4995,0)),"") -> 46162.756 | G66: =IFERROR(INDEX('Pasajeros Pre'!$F$2:F5059,MATCH(ROW()-ROW($B$1),'Pasajeros Pre'!$O$2:$O$4995,0)),"") -> Puerto Vallarta | H66: =IFERROR(INDEX('Pasajeros Pre'!$G$2:G5059,MATCH(ROW()-ROW($B$1),'Pasajeros Pre'!$O$2:$O$4995,0)),"") -> 3 | I66: =IFERROR(INDEX('Pasajeros Pre'!$H$2:H5059,MATCH(ROW()-ROW($B$1),'Pasajeros Pre'!$O$2:$O$4995,0)),"") -> 110B | J66: =IFERROR(INDEX('Pasajeros Pre'!$I$2:I5059,MATCH(ROW()-ROW($B$1),'Pasajeros Pre'!$O$2:$O$4995,0)),"") -> AM 2600 | K66: =IFERROR(INDEX('Pasajeros Pre'!$J$2:J5059,MATCH(ROW()-ROW($B$1),'Pasajeros Pre'!$O$2:$O$4995,0)),"") -> Durango | L66: =IFERROR(INDEX('Pasajeros Pre'!$K$2:K5059,MATCH(ROW()-ROW($B$1),'Pasajeros Pre'!$O$2:$O$4995,0)),"") -> 46162.788 | M66: =IFERROR(INDEX('Pasajeros Pre'!$L$2:L5059,MATCH(ROW()-ROW($B$1),'Pasajeros Pre'!$O$2:$O$4995,0)),"") -> J | N66: =ROUNDDOWN(HOUR(F66),1)+1 -> 19 | O66: =VLOOKUP(N66,'Time Chart'!$A$2:$D$25,4,0) -> 18:00 A 18:59 | P66: =ROUNDDOWN(HOUR(L66),1)+1 -> 19 | Q66: =VLOOKUP(P66,'Time Chart'!$A$2:$D$25,4,0) -> 18:00 A 18:59 | R66: =TEXT(F66,"dd/mm/aaaa") -> 20/05/2026 | S66: =COUNTIFS(Hoja1!$R$2,"="&R66) -> 1 | T66: =TEXT(L66,"dd/mm/aaaa") -> 20/05/2026 | U66: =COUNTIFS(Hoja1!$R$2,"="&T66) -> 1
A67: =ROW(A66) -> 66 | B67: =IFERROR(INDEX('Pasajeros Pre'!$A$2:A5060,MATCH(ROW()-ROW($B$1),'Pasajeros Pre'!$O$2:$O$4995,0)),"") -> Flight scheduled | C67: =IFERROR(INDEX('Pasajeros Pre'!$B$2:$B$195,MATCH(ROW()-ROW($A$1),'Pasajeros Pre'!$O$2:$O$195,0)),"") -> Viva | D67: =IFERROR(INDEX('Pasajeros Pre'!$C$2:C5060,MATCH(ROW()-ROW($B$1),'Pasajeros Pre'!$O$2:$O$4995,0)),"") -> 321 | E67: =IFERROR(INDEX('Pasajeros Pre'!$D$2:D5060,MATCH(ROW()-ROW($B$1),'Pasajeros Pre'!$O$2:$O$4995,0)),"") -> VB 7190 | F67: =IFERROR(INDEX('Pasajeros Pre'!$E$2:E5060,MATCH(ROW()-ROW($B$1),'Pasajeros Pre'!$O$2:$O$4995,0)),"") -> 46162.76 | G67: =IFERROR(INDEX('Pasajeros Pre'!$F$2:F5060,MATCH(ROW()-ROW($B$1),'Pasajeros Pre'!$O$2:$O$4995,0)),"") -> Mérida | H67: =IFERROR(INDEX('Pasajeros Pre'!$G$2:G5060,MATCH(ROW()-ROW($B$1),'Pasajeros Pre'!$O$2:$O$4995,0)),"") -> 2 | I67: =IFERROR(INDEX('Pasajeros Pre'!$H$2:H5060,MATCH(ROW()-ROW($B$1),'Pasajeros Pre'!$O$2:$O$4995,0)),"") -> 502 | J67: =IFERROR(INDEX('Pasajeros Pre'!$I$2:I5060,MATCH(ROW()-ROW($B$1),'Pasajeros Pre'!$O$2:$O$4995,0)),"") -> VB 7190 | K67: =IFERROR(INDEX('Pasajeros Pre'!$J$2:J5060,MATCH(ROW()-ROW($B$1),'Pasajeros Pre'!$O$2:$O$4995,0)),"") -> Oaxaca | L67: =IFERROR(INDEX('Pasajeros Pre'!$K$2:K5060,MATCH(ROW()-ROW($B$1),'Pasajeros Pre'!$O$2:$O$4995,0)),"") -> 46162.792 | M67: =IFERROR(INDEX('Pasajeros Pre'!$L$2:L5060,MATCH(ROW()-ROW($B$1),'Pasajeros Pre'!$O$2:$O$4995,0)),"") -> J | N67: =ROUNDDOWN(HOUR(F67),1)+1 -> 19 | O67: =VLOOKUP(N67,'Time Chart'!$A$2:$D$25,4,0) -> 18:00 A 18:59 | P67: =ROUNDDOWN(HOUR(L67),1)+1 -> 20 | Q67: =VLOOKUP(P67,'Time Chart'!$A$2:$D$25,4,0) -> 19:00 A 19:59 | R67: =TEXT(F67,"dd/mm/aaaa") -> 20/05/2026 | S67: =COUNTIFS(Hoja1!$R$2,"="&R67) -> 1 | T67: =TEXT(L67,"dd/mm/aaaa") -> 20/05/2026 | U67: =COUNTIFS(Hoja1!$R$2,"="&T67) -> 1
... A500: =ROW(A499) -> 499 | B500: =IFERROR(INDEX('Pasajeros Pre'!$A$2:A5493,MATCH(ROW()-ROW($B$1),'Pasajeros Pre'!$O$2:$O$4995,0)),"") | C500: =IFERROR(INDEX('Pasajeros Pre'!$B$2:$B$195,MATCH(ROW()-ROW($A$1),'Pasajeros Pre'!$O$2:$O$195,0)),"") | D500: =IFERROR(INDEX('Pasajeros Pre'!$C$2:C5493,MATCH(ROW()-ROW($B$1),'Pasajeros Pre'!$O$2:$O$4995,0)),"") | E500: =IFERROR(INDEX('Pasajeros Pre'!$D$2:D5493,MATCH(ROW()-ROW($B$1),'Pasajeros Pre'!$O$2:$O$4995,0)),"") | F500: =IFERROR(INDEX('Pasajeros Pre'!$E$2:E5493,MATCH(ROW()-ROW($B$1),'Pasajeros Pre'!$O$2:$O$4995,0)),"") | G500: =IFERROR(INDEX('Pasajeros Pre'!$F$2:F5493,MATCH(ROW()-ROW($B$1),'Pasajeros Pre'!$O$2:$O$4995,0)),"") | H500: =IFERROR(INDEX('Pasajeros Pre'!$G$2:G5493,MATCH(ROW()-ROW($B$1),'Pasajeros Pre'!$O$2:$O$4995,0)),"") | I500: =IFERROR(INDEX('Pasajeros Pre'!$H$2:H5493,MATCH(ROW()-ROW($B$1),'Pasajeros Pre'!$O$2:$O$4995,0)),"") | J500: =IFERROR(INDEX('Pasajeros Pre'!$I$2:I5493,MATCH(ROW()-ROW($B$1),'Pasajeros Pre'!$O$2:$O$4995,0)),"") | K500: =IFERROR(INDEX('Pasajeros Pre'!$J$2:J5493,MATCH(ROW()-ROW($B$1),'Pasajeros Pre'!$O$2:$O$4995,0)),"") | L500: =IFERROR(INDEX('Pasajeros Pre'!$K$2:K5493,MATCH(ROW()-ROW($B$1),'Pasajeros Pre'!$O$2:$O$4995,0)),"") | M500: =IFERROR(INDEX('Pasajeros Pre'!$L$2:L5493,MATCH(ROW()-ROW($B$1),'Pasajeros Pre'!$O$2:$O$4995,0)),"") | N500: =ROUNDDOWN(HOUR(F500),1)+1 -> #VALUE! | O500: =VLOOKUP(N500,'Time Chart'!$A$2:$D$25,4,0) -> #VALUE! | P500: =ROUNDDOWN(HOUR(L500),1)+1 -> #VALUE! | Q500: =VLOOKUP(P500,'Time Chart'!$A$2:$D$25,4,0) -> #VALUE! | R500: =TEXT(F500,"dd/mm/aaaa") | S500: =COUNTIFS(Hoja1!$R$2,"="&R500) -> 0 | T500: =TEXT(L500,"dd/mm/aaaa") | U500: =COUNTIFS(Hoja1!$R$2,"="&T500) -> 0

Sheet Menu Principal
A1: =TODAY() -> 46161

Sheet Sub menu del itinerario
A1: Martes, 13 de mayo de 2025

Sheet Itinerario pasajeros
A1: 46162
A2: Llegadas | I2: Salidas
A3: No. | B3: Aerolínea | C3: Aeronave | D3: Vuelo de llegada | E3: Hora de llegada | F3: Origen | G3: Banda de reclamo | H3: Posición | I3: Vuelo de salida | J3: Destino | K3: Hora de Salida
A4: 1 | B4: =Pasajeros!C2 -> Mexicana de Aviación | C4: =Pasajeros!D2 -> E95 | D4: =Pasajeros!E2 -> XN 1765 | E4: =Pasajeros!F2 -> 46160.833 | F4: =Pasajeros!G2 -> Mérida | G4: =Pasajeros!H2 -> 1 | H4: =Pasajeros!I2 -> 108A | I4: =Pasajeros!J2 -> XN 1430 | ... K4: =Pasajeros!L2 -> 46162.271
A5: 2 | B5: =Pasajeros!C3 -> Viva | C5: =Pasajeros!D3 -> 32Q | D5: =Pasajeros!E3 -> VB 3677 | E5: =Pasajeros!F3 -> 46161.524 | F5: =Pasajeros!G3 -> Ixtapa Zihuatanejo | G5: =Pasajeros!H3 -> 1 | H5: =Pasajeros!I3 -> 132A | I5: =Pasajeros!J3 -> VB 7382 | ... K5: =Pasajeros!L3 -> 46162.253
A6: 3 | B6: =Pasajeros!C4 -> Viva | C6: =Pasajeros!D4 -> 32A | D6: =Pasajeros!E4 -> VB 7370 | E6: =Pasajeros!F4 -> 46161.622 | F6: =Pasajeros!G4 -> La Paz | G6: =Pasajeros!H4 -> 1 | H6: =Pasajeros!I4 -> 107A | I6: =Pasajeros!J4 -> VB 9222 | ... K6: =Pasajeros!L4 -> 46162.274
A7: 4 | B7: =Pasajeros!C5 -> Aerus | C7: =Pasajeros!D5 -> CNF | D7: =Pasajeros!E5 -> ZV 361 | E7: =Pasajeros!F5 -> 46161.712 | F7: =Pasajeros!G5 -> Ciudad Victoria | G7: =Pasajeros!H5 -> 1 | H7: =Pasajeros!I5 -> 501 | I7: =Pasajeros!J5 -> ZV 364 | ... K7: =Pasajeros!L5 -> 46162.25
A8: 5 | B8: =Pasajeros!C6 -> Viva | C8: =Pasajeros!D6 -> 32A | D8: =Pasajeros!E6 -> VB 7435 | E8: =Pasajeros!F6 -> 46161.844 | F8: =Pasajeros!G6 -> Veracruz | G8: =Pasajeros!H6 -> 2 | H8: =Pasajeros!I6 -> 505 | I8: =Pasajeros!J6 -> VB 9480 | ... K8: =Pasajeros!L6 -> 46162.288
A9: 6 | B9: =Pasajeros!C7 -> Volaris | C9: =Pasajeros!D7 -> 320 | D9: =Pasajeros!E7 -> Y4 7171 | E9: =Pasajeros!F7 -> 46161.849 | F9: =Pasajeros!G7 -> La Paz | G9: =Pasajeros!H7 -> 1 | H9: =Pasajeros!I7 -> 109B | I9: =Pasajeros!J7 -> Y4 1291 | ... K9: =Pasajeros!L7 -> 46162.271
A10: 7 | B10: =Pasajeros!C8 -> Volaris | C10: =Pasajeros!D8 -> 32N | D10: =Pasajeros!E8 -> Y4 1292 | E10: =Pasajeros!F8 -> 46161.852 | F10: =Pasajeros!G8 -> Guadalajara | G10: =Pasajeros!H8 -> 1 | H10: =Pasajeros!I8 -> 109A | I10: =Pasajeros!J8 -> Y4 3960 | ... K10: =Pasajeros!L8 -> 46162.025
A11: 8 | B11: =Pasajeros!C9 -> Aeromexico | C11: =Pasajeros!D9 -> E90 | D11: =Pasajeros!E9 -> AM 871 | E11: =Pasajeros!F9 -> 46161.863 | F11: =Pasajeros!G9 -> Veracruz | G11: =Pasajeros!H9 -> --- | H11: =Pasajeros!I9 -> 111A | I11: =Pasajeros!J9 -> AM 880 | ... K11: =Pasajeros!L9 -> 46162.604
A12: 9 | B12: =Pasajeros!C10 -> Viva | C12: =Pasajeros!D10 -> 32N | D12: =Pasajeros!E10 -> VB 9233 | E12: =Pasajeros!F10 -> 46161.944 | F12: =Pasajeros!G10 -> Mazatlán | G12: =Pasajeros!H10 -> 1 | H12: =Pasajeros!I10 -> 503 | I12: =Pasajeros!J10 -> VB 5069 | ... K12: =Pasajeros!L10 -> 46162.25
A13: 10 | B13: =Pasajeros!C11 -> Mexicana de Aviación | C13: =Pasajeros!D11 -> 295 | D13: =Pasajeros!E11 -> XN 1107 | E13: =Pasajeros!F11 -> 46161.955 | F13: =Pasajeros!G11 -> Monterrey | G13: =Pasajeros!H11 -> 3 | H13: =Pasajeros!I11 -> 112B | I13: =Pasajeros!J11 -> XN 1100 | ... K13: =Pasajeros!L11 -> 46162.25
A14: 11 | B14: =Pasajeros!C12 -> Mexicana de Aviación | C14: =Pasajeros!D12 -> 295 | D14: =Pasajeros!E12 -> XN 1437 | E14: =Pasajeros!F12 -> 46161.958 | F14: =Pasajeros!G12 -> Guadalajara | G14: =Pasajeros!H12 -> 3 | H14: =Pasajeros!I12 -> 108A | I14: =Pasajeros!J12 -> XN 1760 | ... K14: =Pasajeros!L12 -> 46162.285
A15: 12 | B15: =Pasajeros!C13 -> Viva | C15: =Pasajeros!D13 -> 321 | D15: =Pasajeros!E13 -> VB 2288 | E15: =Pasajeros!F13 -> 46161.962 | F15: =Pasajeros!G13 -> Cancún | G15: =Pasajeros!H13 -> 2 | H15: =Pasajeros!I13 -> 502 | I15: =Pasajeros!J13 -> VB 2281 | ... K15: =Pasajeros!L13 -> 46162.264
... A48: 45 | B48: =Pasajeros!C46 -> Viva | C48: =Pasajeros!D46 -> 32Q | D48: =Pasajeros!E46 -> VB 7383 | E48: =Pasajeros!F46 -> 46162.597 | F48: =Pasajeros!G46 -> Monterrey | G48: =Pasajeros!H46 -> 1 | H48: =Pasajeros!I46 -> 112A | I48: =Pasajeros!J46 -> VB 7371 | ... K48: =Pasajeros!L46 -> 46162.653
A49: 46 | B49: =Pasajeros!C47 -> Mexicana de Aviación | C49: =Pasajeros!D47 -> 295 | D49: =Pasajeros!E47 -> XN 1701 | E49: =Pasajeros!F47 -> 46162.611 | F49: =Pasajeros!G47 -> Campeche | G49: =Pasajeros!H47 -> 3 | H49: =Pasajeros!I47 -> 109B | I49: Pernocta
A50: 47 | B50: =Pasajeros!C48 -> Viva | C50: =Pasajeros!D48 -> 321 | D50: =Pasajeros!E48 -> VB 7060 | E50: =Pasajeros!F48 -> 46162.622 | F50: =Pasajeros!G48 -> Cancún | G50: =Pasajeros!H48 -> 2 | H50: =Pasajeros!I48 -> 502 | I50: =Pasajeros!J48 -> VB 7060 | ... K50: =Pasajeros!L48 -> 46162.653
A51: 48 | B51: =Pasajeros!C49 -> Viva | C51: =Pasajeros!D49 -> 32N | D51: =Pasajeros!E49 -> VB 7370 | E51: =Pasajeros!F49 -> 46162.622 | F51: =Pasajeros!G49 -> La Paz | G51: =Pasajeros!H49 -> 3 | H51: =Pasajeros!I49 -> 107A | I51: =Pasajeros!J49 -> VB 9450 | ... K51: =Pasajeros!L49 -> 46162.653
A52: 49 | B52: =Pasajeros!C50 -> Viva | C52: =Pasajeros!D50 -> 321 | D52: =Pasajeros!E50 -> VB 7429 | E52: =Pasajeros!F50 -> 46162.622 | F52: =Pasajeros!G50 -> Tuxtla Gutiérrez | G52: =Pasajeros!H50 -> 2 | H52: =Pasajeros!I50 -> 115B | I52: =Pasajeros!J50 -> VB 7429 | ... K52: =Pasajeros!L50 -> 46162.649
A53: 50 | B53: =Pasajeros!C51 -> Mexicana de Aviación | C53: =Pasajeros!D51 -> 295 | D53: =Pasajeros!E51 -> XN 1993 | E53: =Pasajeros!F51 -> 46162.646 | F53: =Pasajeros!G51 -> Ixtepec | G53: =Pasajeros!H51 -> 1 | H53: =Pasajeros!I51 -> 112B | I53: =Pasajeros!J51 -> XN 1204 | ... K53: =Pasajeros!L51 -> 46162.913
A54: 51 | B54: =Pasajeros!C52 -> Arajet | C54: =Pasajeros!D52 -> 7M8 | D54: =Pasajeros!E52 -> DM 7100 | E54: =Pasajeros!F52 -> 46162.671 | F54: =Pasajeros!G52 -> Punta Cana | G54: =Pasajeros!H52 -> 6 | H54: =Pasajeros!I52 -> 114A | I54: =Pasajeros!J52 -> DM 7101 | ... K54: =Pasajeros!L52 -> 46162.713
A55: 52 | B55: =Pasajeros!C53 -> Viva | C55: =Pasajeros!D53 -> 320 | D55: =Pasajeros!E53 -> VB 7041 | E55: =Pasajeros!F53 -> 46162.677 | F55: =Pasajeros!G53 -> San Luis Potosí | G55: =Pasajeros!H53 -> 1 | H55: =Pasajeros!I53 -> 503 | I55: =Pasajeros!J53 -> VB 7041 | ... K55: =Pasajeros!L53 -> 46162.701
A56: 53 | B56: =Pasajeros!C54 -> Volaris | C56: =Pasajeros!D54 -> 32N | D56: =Pasajeros!E54 -> Y4 3532 | E56: =Pasajeros!F54 -> 46162.68 | F56: =Pasajeros!G54 -> Cancún | G56: =Pasajeros!H54 -> 2 | H56: =Pasajeros!I54 -> 109A | I56: =Pasajeros!J54 -> Y4 1293 | ... K56: =Pasajeros!L54 -> 46162.719
A57: 54 | B57: =Pasajeros!C55 -> Viva | C57: =Pasajeros!D55 -> 32A | D57: =Pasajeros!E55 -> VB 9533 | E57: =Pasajeros!F55 -> 46162.684 | F57: =Pasajeros!G55 -> Matamoros | G57: =Pasajeros!H55 -> 1 | H57: =Pasajeros!I55 -> 505 | I57: =Pasajeros!J55 -> VB 9522 | ... K57: =Pasajeros!L55 -> 46162.708
A58: 55 | B58: =Pasajeros!C56 -> Volaris | C58: =Pasajeros!D56 -> 32N | D58: =Pasajeros!E56 -> Y4 7121 | E58: =Pasajeros!F56 -> 46162.708 | F58: =Pasajeros!G56 -> Los Cabos | G58: =Pasajeros!H56 -> 2 | H58: =Pasajeros!I56 -> 109B | I58: =Pasajeros!J56 -> Y4 7110 | ... K58: =Pasajeros!L56 -> 46163.256
A59: 56 | B59: =Pasajeros!C57 -> Viva | C59: =Pasajeros!D57 -> 320 | D59: =Pasajeros!E57 -> VB 7434 | E59: =Pasajeros!F57 -> 46162.708 | F59: =Pasajeros!G57 -> Ciudad Juárez | G59: =Pasajeros!H57 -> 3 | H59: =Pasajeros!I57 -> 504 | I59: =Pasajeros!J57 -> VB 7434 | ... K59: =Pasajeros!L57 -> 46162.729
A60: 57 | B60: =Pasajeros!C58 -> Viva | C60: =Pasajeros!D58 -> 321 | D60: =Pasajeros!E58 -> VB 7417 | E60: =Pasajeros!F58 -> 46162.708 | F60: =Pasajeros!G58 -> Culiacán | G60: =Pasajeros!H58 -> 3 | H60: =Pasajeros!I58 -> 115B | I60: =Pasajeros!J58 -> VB 7417 | ... K60: =Pasajeros!L58 -> 46162.74
A61: 58 | B61: =Pasajeros!C59 -> Viva | C61: =Pasajeros!D59 -> 32A | D61: =Pasajeros!E59 -> VB 7304 | E61: =Pasajeros!F59 -> 46162.712 | F61: =Pasajeros!G59 -> Guadalajara | G61: =Pasajeros!H59 -> 1 | H61: =Pasajeros!I59 -> 107B | I61: =Pasajeros!J59 -> VB 7304 | ... K61: =Pasajeros!L59 -> 46162.736
... A86: 83 | B86: =Pasajeros!C84 -> Viva | C86: =Pasajeros!D84 -> 321 | D86: =Pasajeros!E84 -> VB 9503 | E86: =Pasajeros!F84 -> 46162.986 | F86: =Pasajeros!G84 -> Torreón | G86: =Pasajeros!H84 -> 3 | H86: =Pasajeros!I84 -> 107B | I86: =Pasajeros!J84 -> VB 7378 | ... K86: =Pasajeros!L84 -> 46163.26

Sheet Itinerario carga
A1: ='Itinerario pasajeros'!A1 -> 46162
A2: Llegadas | H2: Salidas
A3: No. | B3: Aerolínea | C3: Aeronave | D3: Vuelo de llegada | E3: Hora de llegada | F3: Origen | G3: Posición | H3: Vuelo de salida | I3: Destino | J3: Hora de Salida
A4: =ROW(A1) -> 1 | B4: =Carga!C2 -> Estafeta | C4: =Carga!D2 -> 764/734 | D4: =Carga!E2 -> E7 610 | E4: =Carga!F2 -> 46161.976 | F4: =Carga!G2 -> Mérida | G4: =Carga!I2 -> 601A | H4: =Carga!J2 -> E7 610 | I4: =Carga!K2 -> San Luis Potosí | J4: =Carga!L2 -> 46162.042
A5: =ROW(A2) -> 2 | B5: =Carga!C3 -> National Airlines Cargo | C5: =Carga!D3 -> 74Y | D5: =Carga!E3 -> N8 861 | E5: =Carga!F3 -> 46161.983 | F5: =Carga!G3 -> Los Angeles | G5: =Carga!I3 -> 608 | H5: =Carga!J3 -> N8 863 | I5: =Carga!K3 -> New York | J5: =Carga!L3 -> 46162.108
A6: =ROW(A3) -> 3 | B6: =Carga!C4 -> Cargolux | C6: =Carga!D4 -> 74Y | D6: =Carga!E4 -> CV 5933 | E6: =Carga!F4 -> 46162.007 | F6: =Carga!G4 -> Guadalajara | G6: =Carga!I4 -> 607 | H6: =Carga!J4 -> CV 5933 | I6: =Carga!K4 -> Luxembourg | J6: =Carga!L4 -> 46162.09
A7: =ROW(A4) -> 4 | B7: =Carga!C5 -> AeroUnión | C7: =Carga!D5 -> 333 | D7: =Carga!E5 -> 6R 7081 | E7: =Carga!F5 -> 46162.092 | F7: =Carga!G5 -> Guadalajara | G7: =Carga!I5 -> 606 | H7: =Carga!J5 -> 6R 7081 | I7: =Carga!K5 -> Bogotá | J7: =Carga!L5 -> 46162.155
A8: =ROW(A5) -> 5 | B8: =Carga!C6 -> Air France | C8: =Carga!D6 -> 77F | D8: =Carga!E6 -> AF 6720 | E8: =Carga!F6 -> 46162.128 | F8: =Carga!G6 -> París | G8: =Carga!I6 -> 609 | H8: =Carga!J6 -> AF 6721 | I8: =Carga!K6 -> Guadalajara | J8: =Carga!L6 -> 46162.295
A9: =ROW(A6) -> 6 | B9: =Carga!C7 -> Estafeta | C9: =Carga!D7 -> 734 | D9: =Carga!E7 -> E7 615 | E9: =Carga!F7 -> 46162.208 | F9: =Carga!G7 -> San Luis Potosí | G9: =Carga!I7 -> 601A | H9: =Carga!J7 -> E7 615 | I9: =Carga!K7 -> Mérida | J9: =Carga!L7 -> 46162.229
A10: =ROW(A7) -> 7 | B10: =Carga!C8 -> China Southerrn | C10: =Carga!D8 -> 772 | D10: =Carga!E8 -> CZ 2521 | E10: =Carga!F8 -> 46162.257 | F10: =Carga!G8 -> Anchorage | G10: =Carga!I8 -> 608 | H10: =Carga!J8 -> CZ 2522 | I10: =Carga!K8 -> Shanghai | J10: =Carga!L8 -> 46162.361
A11: =ROW(A8) -> 8 | B11: =Carga!C9 -> United Parcel Service | C11: =Carga!D9 -> 763 | D11: =Carga!E9 -> 5X 320 | E11: =Carga!F9 -> 46162.266 | F11: =Carga!G9 -> Louisville | G11: =Carga!I9 -> 602A | H11: =Carga!J9 -> 5X 321 | I11: =Carga!K9 -> Louisville | J11: =Carga!L9 -> 46162.818
A12: =ROW(A9) -> 9 | B12: =Carga!C10 -> Air Canada | C12: =Carga!D10 -> 764 | D12: =Carga!E10 -> AC 7246 | E12: =Carga!F10 -> 46162.292 | F12: =Carga!G10 -> Toronto | G12: =Carga!I10 -> 601B | H12: =Carga!J10 -> AC 7246 | I12: =Carga!K10 -> Guadalajara | J12: =Carga!L10 -> 46162.375
A13: =ROW(A10) -> 10 | B13: =Carga!C11 -> Cargojet Airways | C13: =Carga!D11 -> 76Y | D13: =Carga!E11 -> W8 952 | E13: =Carga!F11 -> 46162.354 | F13: =Carga!G11 -> Cincinnati | G13: =Carga!I11 -> 601A | H13: =Carga!J11 -> W8 951 | I13: =Carga!K11 -> Cincinnati | J13: =Carga!L11 -> 46162.833
A14: =ROW(A11) -> 11 | B14: =Carga!C12 -> Atlas Air | C14: =Carga!D12 -> 74Y/744 | D14: =Carga!E12 -> 5Y 8174 | E14: =Carga!F12 -> 46162.358 | F14: =Carga!G12 -> Anchorage | G14: =Carga!I12 -> 607 | H14: =Carga!J12 -> 5Y 8174 | I14: =Carga!K12 -> Los Angeles | J14: =Carga!L12 -> 46162.441
A15: =ROW(A12) -> 12 | B15: =Carga!C13 -> MasAir | C15: =Carga!D13 -> 333 | D15: =Carga!E13 -> M7 6813 | E15: =Carga!F13 -> 46162.462 | F15: =Carga!G13 -> Guadalajara | G15: =Carga!I13 -> 606 | H15: =Carga!J13 -> M7 6333 | I15: =Carga!K13 -> Bogotá | J15: =Carga!L13 -> 46162.545
... A24: =ROW(A21) -> 21 | B24: =Carga!C22 -> Qatar Airways | C24: =Carga!D22 -> 77X | D24: =Carga!E22 -> QR 8147 | E24: =Carga!F22 -> 46162.788 | F24: =Carga!G22 -> Frankfurt | G24: =Carga!I22 -> 609 | H24: =Carga!J22 -> QR 8147 | I24: =Carga!K22 -> Atlanta | J24: =Carga!L22 -> 46162.944
A25: =ROW(A22) -> 22 | B25: =Carga!C23 -> Awesome Cargo | C25: =Carga!D23 -> 332 | D25: =Carga!E23 -> A7 842 | E25: =Carga!F23 -> 46162.806 | F25: =Carga!G23 -> Santiago | G25: =Carga!I23 -> 605 | H25: Pernocta
A26: =ROW(A23) -> 23 | B26: =Carga!C24 -> Ethiopian Airlines | C26: =Carga!D24 -> 77X | D26: =Carga!E24 -> ET 3516 | E26: =Carga!F24 -> 46162.941 | F26: =Carga!G24 -> Zaragoza | G26: =Carga!I24 -> 604 | H26: =Carga!J24 -> ET 3516 | I26: =Carga!K24 -> Bogotá | J26: =Carga!L24 -> 46163
A27: =ROW(A24) -> 24 | B27: =Carga!C25 -> Estafeta | C27: =Carga!D25 -> 764/734 | D27: =Carga!E25 -> E7 610 | E27: =Carga!F25 -> 46162.976 | F27: =Carga!G25 -> Mérida | G27: =Carga!I25 -> 601B | H27: =Carga!J25 -> E7 610 | I27: =Carga!K25 -> San Luis Potosí | J27: =Carga!L25 -> 46163.042
A28: =ROW(A25) -> 25 | B28: =Carga!C26 -> MasAir | C28: =Carga!D26 -> 332 | D28: =Carga!E26 -> M7 8939 | E28: =Carga!F26 -> 46162.979 | F28: =Carga!G26 -> Houston | G28: =Carga!I26 -> 606 | H28: Pernocta
A29: =ROW(A26) -> 26 | B29: =Carga!C27 -> Cargolux | C29: =Carga!D27 -> 74N | D29: =Carga!E27 -> CV 5163 | E29: =Carga!F27 -> 46162.993 | F29: =Carga!G27 -> Anchorage | G29: =Carga!I27 -> 608 | H29: =Carga!J27 -> CV 5164 | I29: =Carga!K27 -> Guadalajara | J29: =Carga!L27 -> 46163.076

Sheet Mapa pasajeros
A4: ='Itinerario pasajeros'!A1 -> 46162
A5: anteriores | B5: (Todas)
A7: Llegadas
A8: Etiquetas de fila | B8: 05:00 A 05:59 | C8: 07:00 A 07:59 | D8: 08:00 A 08:59 | E8: 09:00 A 09:59 | F8: 10:00 A 10:59 | G8: 11:00 A 11:59 | H8: 12:00 A 12:59 | I8: 13:00 A 13:59 | J8: 14:00 A 14:59 | K8: 15:00 A 15:59 | L8: 16:00 A 16:59 | M8: 17:00 A 17:59 | N8: 18:00 A 18:59 | O8: 19:00 A 19:59 | P8: 20:00 A 20:59 | Q8: 22:00 A 22:59 | R8: 23:00 A 23:59 | S8: Total
A9: Aeromexico | D9: 1 | F9: 1 | H9: 2 | M9: 1 | N9: 1 | P9: 1 | S9: 7
A10: Arajet | Q10: 1 | S10: 1
A11: Conviasa | I11: 1 | S11: 1
A12: Volaris | E12: 1 | J12: 1 | L12: 1 | P12: 3 | S12: 6
A13: Aerus | G13: 1 | K13: 1 | M13: 1 | O13: 1 | S13: 4
A14: Mexicana de Aviación | B14: 1 | E14: 2 | I14: 1 | J14: 1 | K14: 1 | N14: 1 | P14: 1 | Q14: 2 | R14: 1 | S14: 11
A15: Viva | B15: 1 | C15: 4 | D15: 1 | E15: 2 | F15: 1 | G15: 5 | H15: 6 | I15: 2 | J15: 4 | L15: 2 | M15: 6 | N15: 4 | O15: 1 | P15: 3 | Q15: 2 | R15: 4 | S15: 48
A16: Total | B16: 2 | C16: 4 | D16: 2 | E16: 5 | F16: 2 | G16: 6 | H16: 8 | I16: 4 | J16: 6 | K16: 2 | L16: 3 | M16: 8 | N16: 6 | O16: 2 | P16: 8 | Q16: 5 | R16: 5 | S16: 78
A18: posteriores | B18: (Todas)
A20: Salidas
A21: Etiquetas de fila | B21: 06:00 A 06:59 | C21: 07:00 A 07:59 | D21: 08:00 A 08:59 | E21: 10:00 A 10:59 | F21: 11:00 A 11:59 | G21: 12:00 A 12:59 | H21: 13:00 A 13:59 | I21: 14:00 A 14:59 | J21: 15:00 A 15:59 | K21: 16:00 A 16:59 | L21: 17:00 A 17:59 | M21: 18:00 A 18:59 | N21: 19:00 A 19:59 | O21: 20:00 A 20:59 | P21: 21:59 A 21:59 | Q21: 23:00 A 23:59 | R21: Total
A22: Aeromexico | D22: 1 | E22: 1 | G22: 1 | I22: 2 | L22: 1 | M22: 1 | R22: 7
A23: Arajet | Q23: 1 | R23: 1
A24: Conviasa | K24: 1 | R24: 1
A25: Volaris | B25: 3 | F25: 1 | J25: 1 | L25: 1 | R25: 6
A26: Aerus | C26: 1 | F26: 1 | G26: 1 | J26: 1 | R26: 4
A27: Mexicana de Aviación | B27: 4 | D27: 1 | E27: 2 | I27: 1 | N27: 1 | O27: 1 | P27: 1 | R27: 11
A28: Viva | B28: 10 | C28: 1 | D28: 5 | E28: 2 | F28: 1 | G28: 4 | H28: 4 | I28: 1 | J28: 4 | K28: 2 | L28: 3 | M28: 4 | N28: 2 | O28: 2 | P28: 1 | R28: 46
A29: Total | B29: 17 | C29: 2 | D29: 7 | E29: 5 | F29: 3 | G29: 6 | H29: 4 | I29: 4 | J29: 6 | K29: 3 | L29: 5 | M29: 5 | N29: 3 | O29: 3 | P29: 2 | Q29: 1 | R29: 76

Sheet 1
A4: ='Itinerario pasajeros'!A1 -> 46162
A6: Llegadas
A7: Aerolinea | B7: 01:00 A 01:59 | C7: 07:00 A 07:59 | D7: 08:00 A 08:59 | E7: 09:00 A 09:59 | F7: 10:00 A 10:59 | G7: 11:00 A 11:59 | H7: 12:00 A 12:59 | I7: 13:00 A 13:59 | J7: 14:00 A 14:59 | K7: 15:00 A 15:59 | L7: 16:00 A 16:59 | M7: 17:00 A 17:59 | N7: 18:00 A 18:59 | O7: 19:00 A 19:59 | P7: 20:00 A 20:59 | Q7: 22:00 A 22:59 | R7: 23:00 A 23:59 | S7: 05:00 A 05:59 | T7: 03:00 A 03:59 | U7: Total
A8: Aeromexico | C8: 2 | G8: 3 | I8: 1 | L8: 2 | M8: 1 | O8: 1 | P8: 4 | U8: 14
A9: Aeurus | D9: 1 | I9: 1 | U9: 2
A10: Arajet | E10: 1 | U10: 1
A11: Conviasa | I11: 1 | U11: 1
A12: Mexicana de Aviación | F12: 1 | J12: 2 | M12: 1 | O12: 2 | Q12: 1 | T12: 1 | U12: 8
A13: Tar Aerolíneas | C13: 1 | U13: 1
A14: Viva | C14: 4 | D14: 2 | E14: 2 | F14: 3 | G14: 2 | H14: 4 | I14: 2 | J14: 3 | K14: 1 | M14: 5 | N14: 1 | O14: 2 | P14: 1 | Q14: 3 | R14: 4 | S14: 2 | U14: 41
A15: Volaris | B15: 1 | D15: 1 | J15: 1 | L15: 1 | O15: 1 | Q15: 2 | U15: 7
A16: Total | B16: 1 | C16: 7 | D16: 4 | E16: 3 | F16: 4 | G16: 5 | H16: 4 | I16: 5 | J16: 6 | K16: 1 | L16: 3 | M16: 7 | N16: 1 | O16: 6 | P16: 5 | Q16: 6 | R16: 4 | S16: 2 | T16: 1 | U16: 75
A18: Salidas
A19: Aerolinea | B19: 01:00 A 01:59 | C19: 06:00 A 06:59 | D19: 07:00 A 07:59 | E19: 08:00 A 08:59 | F19: 10:00 A 10:59 | G19: 11:00 A 11:59 | H19: 12:00 A 12:59 | I19: 13:00 A 13:59 | J19: 14:00 A 14:59 | K19: 15:00 A 15:59 | L19: 16:00 A 16:59 | M19: 17:00 A 17:59 | N19: 18:00 A 18:59 | O19: 19:00 A 19:59 | P19: 20:00 A 20:59 | Q19: 21:59 A 21:59 | R19: Total
A20: Aeromexico | E20: 2 | H20: 2 | I20: 2 | K20: 2 | M20: 2 | N20: 1 | P20: 1 | Q20: 2 | R20: 14
A21: Aeurus | I21: 1 | L21: 1 | R21: 2
A22: Arajet | F22: 1 | R22: 1
A23: Conviasa | L23: 1 | R23: 1
A24: Mexicana de Aviación | D24: 1 | F24: 3 | G24: 1 | I24: 1 | K24: 1 | O24: 1 | R24: 8
A25: Tar Aerolíneas | E25: 1 | R25: 1
A26: Viva | C26: 10 | D26: 1 | E26: 5 | F26: 3 | G26: 2 | H26: 3 | I26: 3 | K26: 3 | M26: 3 | N26: 4 | O26: 2 | Q26: 1 | R26: 40
A27: Volaris | B27: 1 | C27: 2 | E27: 1 | J27: 1 | M27: 1 | Q27: 1 | R27: 7
A28: Total | B28: 1 | C28: 12 | D28: 2 | E28: 9 | F28: 7 | G28: 3 | H28: 5 | I28: 7 | J28: 1 | K28: 6 | L28: 2 | M28: 6 | N28: 5 | O28: 3 | P28: 1 | Q28: 4 | R28: 74

Sheet Grafica pasajeros
A4: ='Itinerario pasajeros'!A1 -> 46162 | C4: ='Itinerario pasajeros'!A1 -> 46162
A5: anteriores | B5: 1
A7: Etiquetas de fila | B7: Cuenta de Time frame2
A8: 01:00 A 01:59 | B8: 1
A9: 06:00 A 06:59 | B9: 7
A10: 07:00 A 07:59 | B10: 2
A11: 08:00 A 08:59 | B11: 9
A12: 10:00 A 10:59 | B12: 6
A13: 11:00 A 11:59 | B13: 3
A14: 12:00 A 12:59 | B14: 5
A15: 13:00 A 13:59 | B15: 6
A16: 14:00 A 14:59 | B16: 1
A17: 15:00 A 15:59 | B17: 5
A18: 16:00 A 16:59 | B18: 2
A19: 17:00 A 17:59 | B19: 6
... A25: Total | B25: 67
A35: posteriores | B35: 1 | C35: ='Itinerario pasajeros'!A1 -> 46162
A37: Etiquetas de fila | B37: Salidas
A38: 06:00 A 06:59 | B38: 9
A39: 07:00 A 07:59 | B39: 2
A40: 08:00 A 08:59 | B40: 7
A41: 10:00 A 10:59 | B41: 5
A42: 11:00 A 11:59 | B42: 3
A43: 12:00 A 12:59 | B43: 5
A44: 13:00 A 13:59 | B44: 4
A45: 14:00 A 14:59 | B45: 4
A46: 15:00 A 15:59 | B46: 6
A47: 16:00 A 16:59 | B47: 3
A48: 17:00 A 17:59 | B48: 5
A49: 18:00 A 18:59 | B49: 5
... A55: Total | B55: 68

Sheet Ctrl+V
A1: Status | B1: [Arr] Airline code | C1: Aircraft type | D1: [Arr] Flight Designator | E1: [Arr] SIBT | F1: [Arr] Routing | G1: [Arr] Baggage Belts | H1: [Arr] Stand | I1: [Dep] Flight Designator | J1: [Dep] Routing | K1: [Dep] SOBT | L1: [Dep] Service Type
A2: Last bag | B2: M7 | C2: 333 | D2: M7 6412 | E2: 46055.729 | F2: VCP-NLU | G2: --- | H2: 606 | I2: M7 8721 | J2: NLU-UIO | K2: 46056.809 | L2: F
A3: Flight activated | B3: VB | C3: 32A | D3: VB 9297 | E3: 46055.809 | F3: ACA-NLU | G3: 1 | H3: 501 | I3: VB 842 | J3: NLU-HAV | K3: 46056.25 | L3: J
A4: Landed | B4: Y4 | C4: 320 | D4: Y4 1292 | E4: 46055.853 | F4: GDL-NLU | G4: 3 | H4: 109B | I4: Y4 7110 | J4: NLU-MID | K4: 46056.256 | L4: J
A5: Landed | B5: XN | C5: E95 | D5: XN 1265 | E5: 46055.858 | F5: MZT-NLU | G5: 2 | H5: 108A | I5: XN 1780 | J5: NLU-TQO | K5: 46056.368 | L5: J
A6: Flight activated | B6: CZ | C6: 77X | D6: CZ 2523 | E6: 46055.896 | F6: ANC-NLU | G6: --- | H6: 608 | I6: CZ 2524 | J6: NLU-TYN | K6: 46056.021 | L6: F
A7: Departed from previous airport | B7: Y4 | C7: 32N | D7: Y4 7111 | E7: 46055.912 | F7: MID-NLU | G7: 2 | H7: 109A | I7: Y4 1291 | J7: NLU-GDL | K7: 46056.271 | L7: J
A8: Flight activated | B8: VB | C8: 32N | D8: VB 9523 | E8: 46055.924 | F8: GDL-NLU | G8: 1 | H8: 503 | I8: VB 9428 | J8: NLU-TPQ | K8: 46056.354 | L8: J
A9: Flight scheduled | B9: XN | C9: 295 | D9: XN 1107 | E9: 46055.955 | F9: MTY-NLU | G9: 2 | H9: 108A | I9: XN 1100 | J9: NLU-MTY | K9: 46056.25 | L9: J
A10: Flight scheduled | B10: XN | C10: 295 | D10: XN 1437 | E10: 46055.958 | F10: GDL-NLU | G10: 3 | H10: 108B | I10: XN 1430 | J10: NLU-GDL | K10: 46056.271 | L10: J
A11: Flight scheduled | B11: VB | C11: 32N | D11: VB 9497 | E11: 46055.972 | F11: SJD-NLU | G11: 1 | H11: 505 | I11: VB 9520 | J11: NLU-GDL | K11: 46056.25 | L11: J
A12: Flight activated | B12: VB | C12: 321 | D12: VB 9411 | E12: 46055.986 | F12: MID-NLU | G12: 1 | H12: 106A | I12: VB 9402 | J12: NLU-MTY | K12: 46056.462 | L12: J
A13: Flight scheduled | B13: VB | C13: 32Q | D13: VB 2288 | E13: 46055.993 | F13: CUN-NLU | G13: 3 | H13: 106B | I13: VB 2281 | J13: NLU-CUN | K13: 46056.264 | L13: J
A14: Flight scheduled | B14: CV | C14: 74N | D14: CV 5162 | E14: 46056.014 | F14: GDL-NLU | G14: --- | H14: 609 | I14: CV 5162 | J14: NLU-LUX | K14: 46056.097 | L14: F
A15: Flight scheduled | B15: VB | C15: 32A | D15: VB 9305 | E15: 46056.014 | F15: HMO-NLU | G15: 1 | H15: 107A | I15: VB 5069 | J15: NLU-TIJ | K15: 46056.333 | L15: J
A16: Flight scheduled | B16: VB | C16: 32A | D16: VB 9405 | E16: 46056.017 | F16: MTY-NLU | G16: 2 | H16: 502 | I16: VB 7378 | J16: NLU-MTY | K16: 46056.25 | L16: J
A17: Flight activated | B17: AC | C17: 763 | D17: AC 7248 | E17: 46056.194 | F17: YYZ-NLU | G17: --- | H17: 607A | I17: AC 7248 | J17: NLU-DFW | K17: 46056.302 | L17: F
A18: Flight scheduled | B18: VB | C18: 32N | D18: VB 771 | E18: 46056.219 | F18: BOG-NLU | G18: 6 | H18: 114A | I18: VB 9222 | J18: NLU-PXM | K18: 46056.278 | L18: J
A19: Flight scheduled | B19: XN | C19: 295 | D19: XN 1205 | E19: 46056.229 | F19: TIJ-NLU | G19: 2 | H19: 108B | L19: J
A20: Flight scheduled | B20: A7 | C20: 333 | D20: A7 916 | E20: 46056.247 | F20: ANC-NLU | G20: --- | H20: 608 | I20: A7 828 | J20: NLU-VCP | K20: 46056.288 | L20: F
A21: Flight scheduled | B21: WH | C21: 738 | D21: WH 902 | E21: 46056.25 | F21: PTY-NLU | G21: --- | H21: 605B | I21: WH 903 | J21: NLU-PTY | K21: 46056.307 | L21: F
A22: Flight scheduled | B22: M7 | C22: 332 | D22: M7 3228 | E22: 46056.299 | F22: ANC-NLU | G22: --- | H22: 606 | I22: M7 3114 | J22: NLU-LAX | K22: 46056.927 | L22: F
A23: Flight scheduled | B23: 5X | C23: 763 | D23: 5X 320 | E23: 46056.302 | F23: SDF-NLU | G23: --- | H23: 605A | I23: 5X 321 | J23: NLU-SDF | K23: 46056.853 | L23: F
A24: Flight scheduled | B24: VB | C24: 32A | D24: VB 7240 | E24: 46056.302 | F24: GDL-NLU | G24: 1 | H24: 106B | I24: VB 7240 | J24: NLU-TQO | K24: 46056.333 | L24: J
A25: Flight scheduled | B25: VB | C25: 32A | D25: VB 2272 | E25: 46056.312 | F25: CUN-NLU | G25: 2 | H25: 107B | I25: VB 2273 | J25: NLU-CUN | K25: 46056.354 | L25: J
A26: Flight scheduled | B26: VB | C26: 320 | D26: VB 7344 | E26: 46056.312 | F26: BJX-NLU | G26: 2 | H26: 502 | I26: VB 7344 | J26: NLU-CUU | K26: 46056.333 | L26: J
A27: Flight scheduled | B27: ZV | C27: CNF | D27: ZV 341 | E27: 46056.312 | F27: SLP-NLU | G27: 1 | H27: 501 | I27: ZV 362 | J27: NLU-CVM | K27: 46056.333 | L27: J
A28: Flight scheduled | B28: AM | C28: E90 | D28: AM 287 | E28: 46056.316 | F28: GDL-NLU | G28: 3 | H28: 110B | I28: AM 592 | J28: NLU-TQO | K28: 46056.344 | L28: J
A29: Flight scheduled | B29: VB | C29: 320 | D29: VB 7332 | E29: 46056.316 | F29: MTY-NLU | G29: 1 | H29: 505 | I29: VB 7332 | J29: NLU-VSA | K29: 46056.337 | L29: J
A30: Flight scheduled | B30: A7 | C30: 333 | D30: A7 902 | E30: 46056.319 | F30: ANC-NLU | G30: --- | H30: 607 | I30: A7 820 | J30: NLU-MID | K30: 46056.378 | L30: F
A31: Flight scheduled | B31: AM | C31: E90 | D31: AM 871 | E31: 46056.322 | F31: VER-NLU | G31: 3 | H31: 110A | I31: AM 2436 | J31: NLU-CLQ | K31: 46056.35 | L31: J
A32: Flight scheduled | B32: VB | C32: 321 | D32: VB 7350 | E32: 46056.33 | F32: MID-NLU | G32: 2 | H32: 504 | I32: VB 7350 | J32: NLU-PVR | K32: 46056.358 | L32: J
A33: Flight scheduled | B33: M7 | C33: 332 | D33: M7 322 | E33: 46056.375 | F33: ANC-NLU | G33: --- | H33: 608 | I33: M7 8723 | J33: NLU-UIO | K33: 46056.458 | L33: F
A34: Flight scheduled | B34: VB | C34: 32N | D34: VB 9521 | E34: 46056.385 | F34: GDL-NLU | G34: 2 | H34: 503 | I34: VB 9312 | J34: NLU-ZIH | K34: 46056.417 | L34: J
A35: Flight scheduled | B35: XN | C35: 295 | D35: XN 1431 | E35: 46056.396 | F35: GDL-NLU | G35: 2 | H35: 108A | I35: XN 1922 | J35: NLU-PQM | K35: 46056.444 | L35: J
A36: Flight scheduled | B36: XN | C36: 295 | D36: XN 1101 | E36: 46056.403 | F36: MTY-NLU | G36: 1 | H36: 108B | I36: XN 1732 | J36: NLU-CTM | K36: 46056.451 | L36: J
A37: Flight scheduled | B37: Y4 | C37: 320 | D37: Y4 1290 | E37: 46056.405 | F37: GDL-NLU | G37: 2 | H37: 112A | I37: Y4 3533 | J37: NLU-CUN | K37: 46056.447 | L37: J
A38: Flight scheduled | B38: W8 | C38: 76Y | D38: W8 952 | E38: 46056.406 | F38: CVG-NLU | G38: --- | H38: 605B | I38: W8 951 | J38: NLU-CVG | K38: 46056.875 | L38: F
A39: Flight scheduled | B39: VB | C39: 32N | D39: VB 9223 | E39: 46056.41 | F39: PXM-NLU | G39: 1 | H39: 106B | I39: VB 9294 | J39: NLU-HUX | K39: 46056.441 | L39: J
A40: Flight scheduled | B40: 6R | C40: 333 | D40: 6R 7081 | E40: 46056.416 | F40: GDL-NLU | G40: --- | H40: 606 | I40: 6R 1739 | J40: NLU-MIA | K40: 46056.485 | L40: F
A41: Flight scheduled | B41: VB | C41: 32Q | D41: VB 9401 | E41: 46056.431 | F41: MTY-NLU | G41: 1 | H41: 112B | I41: VB 6017 | J41: NLU-MID | K41: 46056.788 | L41: J
A42: Flight scheduled | B42: M7 | C42: 333 | D42: M7 8726 | E42: 46056.441 | F42: BOG-NLU | G42: 4 | H42: 607 | I42: M7 8828 | J42: NLU-LAX | K42: 46056.51 | L42: F
A43: Flight scheduled | B43: VB | C43: 32Q | D43: VB 7428 | E43: 46056.469 | F43: TIJ-NLU | G43: 2 | H43: 505 | I43: VB 7428 | J43: NLU-TGZ | K43: 46056.497 | L43: J
A44: Flight scheduled | B44: AM | C44: E90 | D44: AM 2437 | E44: 46056.488 | F44: CLQ-NLU | G44: 3 | H44: 110A | I44: AM 878 | J44: NLU-MID | K44: 46056.516 | L44: J
A45: Flight scheduled | B45: VB | C45: 320 | D45: VB 7333 | E45: 46056.49 | F45: VSA-NLU | G45: 1 | H45: 503 | I45: VB 7333 | J45: NLU-MTY | K45: 46056.514 | L45: J
A46: Flight scheduled | B46: CX | C46: 74N | D46: CX 3186 | E46: 46056.493 | F46: ANC-NLU | G46: --- | H46: 609 | I46: CX 3083 | J46: NLU-ANC | K46: 46056.576 | L46: F
A47: Flight scheduled | B47: AM | C47: 7S8 | D47: AM 591 | E47: 46056.497 | F47: CUN-NLU | G47: 3 | H47: 110B | I47: AM 1596 | J47: NLU-CUN | K47: 46056.737 | L47: J
A48: Flight scheduled | B48: VB | C48: 32Q | D48: VB 7416 | E48: 46056.5 | F48: CUN-NLU | G48: 2 | H48: 107B | I48: VB 7416 | J48: NLU-CUL | K48: 46056.535 | L48: J
A49: Flight scheduled | B49: ZV | C49: CNF | D49: ZV 363 | E49: 46056.503 | F49: CVM-NLU | G49: 1 | H49: 501 | I49: ZV 360 | J49: NLU-CVM | K49: 46056.524 | L49: J
A50: Flight scheduled | B50: VB | C50: 32N | D50: VB 9429 | E50: 46056.507 | F50: TPQ-NLU | G50: 2 | H50: 106A | I50: VB 9394 | J50: NLU-SLW | K50: 46056.566 | L50: J
A51: Flight scheduled | B51: VB | C51: 321 | D51: VB 7351 | E51: 46056.514 | F51: PVR-NLU | G51: 2 | H51: 502 | I51: VB 7351 | J51: NLU-MID | K51: 46056.542 | L51: J
A52: Flight scheduled | B52: VB | C52: 32N | D52: VB 9313 | E52: 46056.531 | F52: ZIH-NLU | G52: 1 | H52: 106B | I52: VB 9450 | J52: NLU-NLD | K52: 46056.566 | L52: J
A53: Flight scheduled | B53: VB | C53: 32A | D53: VB 7241 | E53: 46056.538 | F53: TQO-NLU | G53: 2 | H53: 505 | I53: VB 7241 | J53: NLU-GDL | K53: 46056.569 | L53: J
A54: Flight scheduled | B54: VB | C54: 320 | D54: VB 843 | E54: 46056.538 | F54: HAV-NLU | G54: 6 | H54: 114A | L54: J
A55: Flight scheduled | B55: V0 | C55: 346 | D55: V0 3726 | E55: 46056.542 | F55: CCS-NLU | G55: 7 | H55: 116 | I55: V0 3727 | J55: NLU-CCS | K55: 46056.667 | L55: J
A56: Flight scheduled | B56: 6R | C56: 333 | D56: 6R 4256 | E56: 46056.542 | F56: BOG-NLU | G56: --- | H56: 606 | I56: 6R 4256 | J56: NLU-LAX | K56: 46056.605 | L56: F
A57: Flight scheduled | B57: VB | C57: 320 | D57: VB 7345 | E57: 46056.545 | F57: CUU-NLU | G57: 2 | H57: 503 | I57: VB 7345 | J57: NLU-BJX | K57: 46056.566 | L57: J
A58: Flight scheduled | B58: AM | C58: E90 | D58: AM 593 | E58: 46056.553 | F58: TQO-NLU | G58: 3 | H58: 110A | I58: AM 880 | J58: NLU-PVR | K58: 46056.591 | L58: J
A59: Flight scheduled | B59: XN | C59: 295 | D59: XN 1781 | E59: 46056.566 | F59: TQO-NLU | G59: 2 | H59: 108B | I59: XN 1764 | J59: NLU-MID | K59: 46056.604 | L59: J
A60: Flight scheduled | B60: VB | C60: 32N | D60: VB 9295 | E60: 46056.58 | F60: HUX-NLU | G60: 1 | H60: 107B | I60: VB 9532 | J60: NLU-MAM | K60: 46056.615 | L60: J
A61: Flight scheduled | B61: Y4 | C61: 320 | D61: Y4 7113 | E61: 46056.612 | F61: MID-NLU | G61: 2 | H61: 109A | I61: Y4 7170 | J61: NLU-LAP | K61: 46056.64 | L61: J
A62: Flight scheduled | B62: XN | C62: 295 | D62: XN 1923 | E62: 46056.615 | F62: PQM-NLU | G62: 1 | H62: 108A | I62: XN 1106 | J62: NLU-MTY | K62: 46056.806 | L62: J
A63: Flight scheduled | B63: VB | C63: 32Q | D63: VB 7379 | E63: 46056.618 | F63: MTY-NLU | G63: 2 | H63: 502 | I63: VB 9412 | J63: NLU-MID | K63: 46057.25 | L63: J
A64: Flight scheduled | B64: M6 | C64: 76Y | D64: M6 723 | E64: 46056.625 | F64: MIA-NLU | G64: --- | H64: 606A | I64: M6 722 | J64: NLU-MIA | K64: 46056.708 | L64: F
A65: Flight scheduled | B65: VB | C65: 320 | D65: VB 2278 | E65: 46056.628 | F65: CUN-NLU | G65: 2 | H65: 106B | I65: VB 2279 | J65: NLU-CUN | K65: 46056.656 | L65: J
A66: Flight scheduled | B66: XN | C66: 295 | D66: XN 1733 | E66: 46056.642 | F66: CTM-NLU | G66: 1 | H66: 108B | I66: XN 1204 | J66: NLU-TIJ | K66: 46056.913 | L66: J
A67: Flight scheduled | B67: VB | C67: 32A | D67: VB 5070 | E67: 46056.649 | F67: TIJ-NLU | G67: 1 | H67: 503 | I67: VB 9520 | J67: NLU-GDL | K67: 46057.25 | L67: J
A68: Flight scheduled | B68: VB | C68: 32Q | D68: VB 7429 | E68: 46056.656 | F68: TGZ-NLU | G68: 2 | H68: 505 | I68: VB 7429 | J68: NLU-TIJ | K68: 46056.684 | L68: J
A69: Flight scheduled | B69: Y4 | C69: 32N | D69: Y4 3532 | E69: 46056.681 | F69: CUN-NLU | G69: 1 | H69: 109A | I69: Y4 1293 | J69: NLU-GDL | K69: 46056.719 | L69: J
A70: Flight scheduled | B70: ZV | C70: CNF | D70: ZV 361 | E70: 46056.694 | F70: CVM-NLU | G70: 1 | H70: 501 | I70: ZV 340 | J70: NLU-SLP | K70: 46056.715 | L70: J
A71: Flight scheduled | B71: CA | C71: 77X | D71: CA 3125 | E71: 46056.701 | F71: ANC-NLU | G71: --- | H71: 609 | I71: CA 3126 | J71: NLU-LAX | K71: 46056.806 | L71: F
A72: Flight scheduled | B72: AM | C72: E90 | D72: AM 875 | E72: 46056.705 | F72: MID-NLU | G72: 3 | H72: 111A | I72: AM 2600 | J72: NLU-DGO | K72: 46056.733 | L72: J
A73: Flight scheduled | B73: AM | C73: E90 | D73: AM 995 | E73: 46056.708 | F73: MTY-NLU | G73: 3 | H73: 111B | I73: AM 284 | J73: NLU-GDL | K73: 46056.762 | L73: J
A74: Flight scheduled | B74: VB | C74: 32N | D74: VB 9395 | E74: 46056.719 | F74: SLW-NLU | G74: 1 | H74: 112A | I74: VB 770 | J74: NLU-BOG | K74: 46056.792 | L74: J
A75: Flight scheduled | B75: VB | C75: 32Q | D75: VB 7417 | E75: 46056.726 | F75: CUL-NLU | G75: 1 | H75: 502 | I75: VB 7417 | J75: NLU-CUN | K75: 46056.757 | L75: J
A76: Flight scheduled | B76: VB | C76: 32A | D76: VB 7016 | E76: 46056.726 | F76: MTY-NLU | G76: 2 | H76: 504 | I76: VB 7016 | J76: NLU-ACA | K76: 46056.747 | L76: J
A77: Flight scheduled | B77: LH | C77: 77X | D77: LH 8222 | E77: 46056.729 | F77: FRA-NLU | G77: --- | H77: 608 | I77: LH 8223 | J77: NLU-MTY | K77: 46056.833 | L77: F
A78: Flight scheduled | B78: VB | C78: 32N | D78: VB 9451 | E78: 46056.729 | F78: NLD-NLU | G78: 2 | H78: 501 | I78: VB 9304 | J78: NLU-HMO | K78: 46056.764 | L78: J
A79: Flight scheduled | B79: VB | C79: 320 | D79: VB 7304 | E79: 46056.736 | F79: GDL-NLU | G79: 2 | H79: 505 | I79: VB 7304 | J79: NLU-TAM | K79: 46056.757 | L79: J
A80: Flight scheduled | B80: AM | C80: E90 | D80: AM 881 | E80: 46056.747 | F80: PVR-NLU | G80: 3 | H80: 110A | I80: AM 2042 | J80: NLU-OAX | K80: 46056.774 | L80: J
A81: Flight scheduled | B81: VB | C81: 320 | D81: VB 9329 | E81: 46056.747 | F81: CJS-NLU | G81: 1 | H81: 107A | I81: VB 9328 | J81: NLU-CJS | K81: 46056.924 | L81: J
A82: Flight scheduled | B82: 5Y | C82: 77F | D82: 5Y 337 | E82: 46056.75 | F82: ANC-NLU | G82: --- | H82: 607 | I82: 5Y 332 | J82: NLU-UIO | K82: 46056.833 | L82: F
A83: Flight scheduled | B83: VB | C83: 321 | D83: VB 6016 | E83: 46056.757 | F83: MID-NLU | G83: 1 | H83: 106B | I83: VB 7382 | J83: NLU-MTY | K83: 46057.25 | L83: J
A84: Flight scheduled | B84: VB | C84: 32N | D84: VB 9533 | E84: 46056.764 | F84: MAM-NLU | G84: 2 | H84: 107B | I84: VB 9450 | J84: NLU-NLD | K84: 46057.347 | L84: J
A85: Flight scheduled | B85: XN | C85: 295 | D85: XN 1765 | E85: 46056.785 | F85: MID-NLU | G85: 1 | H85: 108B | I85: XN 1436 | J85: NLU-GDL | K85: 46056.833 | L85: J
A86: Flight scheduled | B86: K4 | C86: 744 | D86: K4 535 | E86: 46056.823 | F86: ANC-NLU | G86: --- | H86: 609 | I86: K4 786 | J86: NLU-ANC | K86: 46056.906 | L86: F
A87: Flight scheduled | B87: Y4 | C87: 320 | D87: Y4 7171 | E87: 46056.849 | F87: LAP-NLU | G87: 2 | H87: 109B | I87: Y4 1291 | J87: NLU-GDL | K87: 46057.271 | L87: J
A88: Flight scheduled | B88: Y4 | C88: 32N | D88: Y4 1292 | E88: 46056.853 | F88: GDL-NLU | G88: 1 | H88: 109A | I88: Y4 3960 | J88: NLU-BOG | K88: 46057.025 | L88: J
A89: Flight scheduled | B89: AM | C89: E90 | D89: AM 2041 | E89: 46056.868 | F89: OAX-NLU | G89: 3 | H89: 110A | I89: AM 872 | J89: NLU-VER | K89: 46056.896 | L89: J
A90: Flight scheduled | B90: VB | C90: 32A | D90: VB 7017 | E90: 46056.868 | F90: ACA-NLU | G90: 2 | H90: 501 | I90: VB 7017 | J90: NLU-MTY | K90: 46056.889 | L90: J
A91: Flight scheduled | B91: VB | C91: 32A | D91: VB 7305 | E91: 46056.875 | F91: TAM-NLU | G91: 2 | H91: 505 | I91: VB 7305 | J91: NLU-GDL | K91: 46056.896 | L91: J
A92: Flight scheduled | B92: AM | C92: E90 | D92: AM 2469 | E92: 46056.887 | F92: DGO-NLU | G92: 3 | H92: 111A | I92: AM 998Z | J92: NLU-MTY | K92: 46056.915 | L92: J
A93: Flight scheduled | B93: M7 | C93: 332 | D93: M7 8724 | E93: 46056.906 | F93: UIO-NLU | G93: --- | H93: 607 | I93: M7 3618 | J93: NLU-LAX | K93: 46056.979 | L93: F
A94: Flight scheduled | B94: Y4 | C94: 32Q | D94: Y4 3296 | E94: 46056.942 | F94: TIJ-NLU | G94: 2 | H94: 112B | I94: Y4 3297 | J94: NLU-TIJ | K94: 46056.972 | L94: J
A95: Flight scheduled | B95: XN | C95: 295 | D95: XN 1107 | E95: 46056.955 | F95: MTY-NLU | G95: 1 | H95: 108A | I95: XN 1430 | J95: NLU-GDL | K95: 46057.271 | L95: J
A96: Flight scheduled | B96: XN | C96: 295 | D96: XN 1437 | E96: 46056.958 | F96: GDL-NLU | G96: 2 | H96: 108B | I96: XN 1100 | J96: NLU-MTY | K96: 46057.25 | L96: J
A97: Flight scheduled | B97: CZ | C97: 77F | D97: CZ 2661 | E97: 46056.958 | F97: PVG-NLU | G97: --- | H97: 609 | I97: CZ 2662 | J97: NLU-PVG | K97: 46057.062 | L97: F
A98: Flight scheduled | B98: DM | C98: 7M8 | D98: DM 7104 | E98: 46056.981 | F98: PUJ-NLU | G98: 6 | H98: 114A | I98: DM 7105 | J98: NLU-PUJ | K98: 46057.022 | L98: J
A99: Flight scheduled | B99: VB | C99: 32Q | D99: VB 2288 | E99: 46056.993 | F99: CUN-NLU | G99: 2 | H99: 504 | I99: VB 2281 | J99: NLU-CUN | K99: 46057.264 | L99: J
I100: =VLOOKUP(H100,Data!$J$1:$K$13,2,0) -> #N/A | J100: =IF(E100="NLU-NLU", "Regreso a posición", IF(RIGHT(E100, 4)="-NLU", "LLEGADA", IF(LEFT(E100, 4)="NLU-", "SALIDA", "")))
...

Sheet Carga
A1: Num | B1: Status | C1: [Arr] Airline code | D1: Aircraft type | E1: [Arr] Flight Number | F1: [Arr] SIBT | G1: [Arr] Routing | H1: [Arr] Baggage Belts | I1: [Arr] Stand | J1: [Dep] Flight Designator | K1: [Dep] Routing | L1: [Dep] SOBT | M1: [Dep] Service Type | N1: Time frame | O1: Time Code llegada | P1: Time frame | Q1: Time Code salida | R1: feche llegada | S1: anteriores | T1: fecha salida | U1: posteriores
A2: =ROW(A1) -> 1 | B2: =IFERROR(INDEX('Carga Pre'!$A$2:A4996,MATCH(ROW()-ROW($B$1),'Carga Pre'!$O$2:$O$4996,0)),"") -> Flight scheduled | C2: =IFERROR(INDEX('Carga Pre'!$B$2:$B$196,MATCH(ROW()-ROW($A$1),'Carga Pre'!$O$2:$O$196,0)),"") -> Estafeta | D2: =IFERROR(INDEX('Carga Pre'!$C$2:C4996,MATCH(ROW()-ROW($B$1),'Carga Pre'!$O$2:$O$4996,0)),"") -> 764/734 | E2: =IFERROR(INDEX('Carga Pre'!$D$2:D4996,MATCH(ROW()-ROW($B$1),'Carga Pre'!$O$2:$O$4996,0)),"") -> E7 610 | F2: =IFERROR(INDEX('Carga Pre'!$E$2:$E$4996,MATCH(ROW()-ROW($B$1),'Carga Pre'!$O$2:$O$4996,0)),"") -> 46161.976 | G2: =IFERROR(INDEX('Carga Pre'!$F$2:F4996,MATCH(ROW()-ROW($B$1),'Carga Pre'!$O$2:$O$4996,0)),"") -> Mérida | H2: =IFERROR(INDEX('Carga Pre'!$G$2:G4996,MATCH(ROW()-ROW($B$1),'Carga Pre'!$O$2:$O$4996,0)),"") -> --- | I2: =IFERROR(INDEX('Carga Pre'!$H$2:H4996,MATCH(ROW()-ROW($B$1),'Carga Pre'!$O$2:$O$4996,0)),"") -> 601A | J2: =IFERROR(INDEX('Carga Pre'!$I$2:I4996,MATCH(ROW()-ROW($B$1),'Carga Pre'!$O$2:$O$4996,0)),"") -> E7 610 | K2: =IFERROR(INDEX('Carga Pre'!$J$2:J4996,MATCH(ROW()-ROW($B$1),'Carga Pre'!$O$2:$O$4996,0)),"") -> San Luis Potosí | L2: =IFERROR(INDEX('Carga Pre'!$K$2:K4996,MATCH(ROW()-ROW($B$1),'Carga Pre'!$O$2:$O$4996,0)),"") -> 46162.042 | M2: =IFERROR(INDEX('Carga Pre'!$L$2:L4996,MATCH(ROW()-ROW($B$1),'Carga Pre'!$O$2:$O$4996,0)),"") -> F | N2: =ROUNDDOWN(HOUR(F2),1)+1 -> 24 | O2: =VLOOKUP(N2,'Time Chart'!$A$2:$D$25,4,0) -> 23:00 A 23:59 | P2: =ROUNDDOWN(HOUR(L2),1)+1 -> 2 | Q2: =VLOOKUP(P2,'Time Chart'!$A$2:$D$25,4,0) -> 01:00 A 01:59 | R2: =TEXT(F2,"dd/mm/aaaa") -> 19/05/2026 | S2: =COUNTIFS(Hoja1!$R$2,"="&R2) -> 0 | T2: =TEXT(L2,"dd/mm/aaaa") -> 20/05/2026 | U2: =COUNTIFS(Hoja1!$R$2,"="&T2) -> 1
A3: =ROW(A2) -> 2 | B3: =IFERROR(INDEX('Carga Pre'!$A$2:A4997,MATCH(ROW()-ROW($B$1),'Carga Pre'!$O$2:$O$4996,0)),"") -> Flight scheduled | C3: =IFERROR(INDEX('Carga Pre'!$B$2:$B$196,MATCH(ROW()-ROW($A$1),'Carga Pre'!$O$2:$O$196,0)),"") -> National Airlines Cargo | D3: =IFERROR(INDEX('Carga Pre'!$C$2:C4997,MATCH(ROW()-ROW($B$1),'Carga Pre'!$O$2:$O$4996,0)),"") -> 74Y | E3: =IFERROR(INDEX('Carga Pre'!$D$2:D4997,MATCH(ROW()-ROW($B$1),'Carga Pre'!$O$2:$O$4996,0)),"") -> N8 861 | F3: =IFERROR(INDEX('Carga Pre'!$E$2:$E$4996,MATCH(ROW()-ROW($B$1),'Carga Pre'!$O$2:$O$4996,0)),"") -> 46161.983 | G3: =IFERROR(INDEX('Carga Pre'!$F$2:F4997,MATCH(ROW()-ROW($B$1),'Carga Pre'!$O$2:$O$4996,0)),"") -> Los Angeles | H3: =IFERROR(INDEX('Carga Pre'!$G$2:G4997,MATCH(ROW()-ROW($B$1),'Carga Pre'!$O$2:$O$4996,0)),"") -> --- | I3: =IFERROR(INDEX('Carga Pre'!$H$2:H4997,MATCH(ROW()-ROW($B$1),'Carga Pre'!$O$2:$O$4996,0)),"") -> 608 | J3: =IFERROR(INDEX('Carga Pre'!$I$2:I4997,MATCH(ROW()-ROW($B$1),'Carga Pre'!$O$2:$O$4996,0)),"") -> N8 863 | K3: =IFERROR(INDEX('Carga Pre'!$J$2:J4997,MATCH(ROW()-ROW($B$1),'Carga Pre'!$O$2:$O$4996,0)),"") -> New York | L3: =IFERROR(INDEX('Carga Pre'!$K$2:K4997,MATCH(ROW()-ROW($B$1),'Carga Pre'!$O$2:$O$4996,0)),"") -> 46162.108 | M3: =IFERROR(INDEX('Carga Pre'!$L$2:L4997,MATCH(ROW()-ROW($B$1),'Carga Pre'!$O$2:$O$4996,0)),"") -> F | N3: =ROUNDDOWN(HOUR(F3),1)+1 -> 24 | O3: =VLOOKUP(N3,'Time Chart'!$A$2:$D$25,4,0) -> 23:00 A 23:59 | P3: =ROUNDDOWN(HOUR(L3),1)+1 -> 3 | Q3: =VLOOKUP(P3,'Time Chart'!$A$2:$D$25,4,0) -> 02:00 A 02:59 | R3: =TEXT(F3,"dd/mm/aaaa") -> 19/05/2026 | S3: =COUNTIFS(Hoja1!$R$2,"="&R3) -> 0 | T3: =TEXT(L3,"dd/mm/aaaa") -> 20/05/2026 | U3: =COUNTIFS(Hoja1!$R$2,"="&T3) -> 1
A4: =ROW(A3) -> 3 | B4: =IFERROR(INDEX('Carga Pre'!$A$2:A4998,MATCH(ROW()-ROW($B$1),'Carga Pre'!$O$2:$O$4996,0)),"") -> Flight scheduled | C4: =IFERROR(INDEX('Carga Pre'!$B$2:$B$196,MATCH(ROW()-ROW($A$1),'Carga Pre'!$O$2:$O$196,0)),"") -> Cargolux | D4: =IFERROR(INDEX('Carga Pre'!$C$2:C4998,MATCH(ROW()-ROW($B$1),'Carga Pre'!$O$2:$O$4996,0)),"") -> 74Y | E4: =IFERROR(INDEX('Carga Pre'!$D$2:D4998,MATCH(ROW()-ROW($B$1),'Carga Pre'!$O$2:$O$4996,0)),"") -> CV 5933 | F4: =IFERROR(INDEX('Carga Pre'!$E$2:$E$4996,MATCH(ROW()-ROW($B$1),'Carga Pre'!$O$2:$O$4996,0)),"") -> 46162.007 | G4: =IFERROR(INDEX('Carga Pre'!$F$2:F4998,MATCH(ROW()-ROW($B$1),'Carga Pre'!$O$2:$O$4996,0)),"") -> Guadalajara | H4: =IFERROR(INDEX('Carga Pre'!$G$2:G4998,MATCH(ROW()-ROW($B$1),'Carga Pre'!$O$2:$O$4996,0)),"") -> --- | I4: =IFERROR(INDEX('Carga Pre'!$H$2:H4998,MATCH(ROW()-ROW($B$1),'Carga Pre'!$O$2:$O$4996,0)),"") -> 607 | J4: =IFERROR(INDEX('Carga Pre'!$I$2:I4998,MATCH(ROW()-ROW($B$1),'Carga Pre'!$O$2:$O$4996,0)),"") -> CV 5933 | K4: =IFERROR(INDEX('Carga Pre'!$J$2:J4998,MATCH(ROW()-ROW($B$1),'Carga Pre'!$O$2:$O$4996,0)),"") -> Luxembourg | L4: =IFERROR(INDEX('Carga Pre'!$K$2:K4998,MATCH(ROW()-ROW($B$1),'Carga Pre'!$O$2:$O$4996,0)),"") -> 46162.09 | M4: =IFERROR(INDEX('Carga Pre'!$L$2:L4998,MATCH(ROW()-ROW($B$1),'Carga Pre'!$O$2:$O$4996,0)),"") -> F | N4: =ROUNDDOWN(HOUR(F4),1)+1 -> 1 | O4: =VLOOKUP(N4,'Time Chart'!$A$2:$D$25,4,0) -> 00:00 A 00:59 | P4: =ROUNDDOWN(HOUR(L4),1)+1 -> 3 | Q4: =VLOOKUP(P4,'Time Chart'!$A$2:$D$25,4,0) -> 02:00 A 02:59 | R4: =TEXT(F4,"dd/mm/aaaa") -> 20/05/2026 | S4: =COUNTIFS(Hoja1!$R$2,"="&R4) -> 1 | T4: =TEXT(L4,"dd/mm/aaaa") -> 20/05/2026 | U4: =COUNTIFS(Hoja1!$R$2,"="&T4) -> 1
A5: =ROW(A4) -> 4 | B5: =IFERROR(INDEX('Carga Pre'!$A$2:A4999,MATCH(ROW()-ROW($B$1),'Carga Pre'!$O$2:$O$4996,0)),"") -> Flight scheduled | C5: =IFERROR(INDEX('Carga Pre'!$B$2:$B$196,MATCH(ROW()-ROW($A$1),'Carga Pre'!$O$2:$O$196,0)),"") -> AeroUnión | D5: =IFERROR(INDEX('Carga Pre'!$C$2:C4999,MATCH(ROW()-ROW($B$1),'Carga Pre'!$O$2:$O$4996,0)),"") -> 333 | E5: =IFERROR(INDEX('Carga Pre'!$D$2:D4999,MATCH(ROW()-ROW($B$1),'Carga Pre'!$O$2:$O$4996,0)),"") -> 6R 7081 | F5: =IFERROR(INDEX('Carga Pre'!$E$2:$E$4996,MATCH(ROW()-ROW($B$1),'Carga Pre'!$O$2:$O$4996,0)),"") -> 46162.092 | G5: =IFERROR(INDEX('Carga Pre'!$F$2:F4999,MATCH(ROW()-ROW($B$1),'Carga Pre'!$O$2:$O$4996,0)),"") -> Guadalajara | H5: =IFERROR(INDEX('Carga Pre'!$G$2:G4999,MATCH(ROW()-ROW($B$1),'Carga Pre'!$O$2:$O$4996,0)),"") -> --- | I5: =IFERROR(INDEX('Carga Pre'!$H$2:H4999,MATCH(ROW()-ROW($B$1),'Carga Pre'!$O$2:$O$4996,0)),"") -> 606 | J5: =IFERROR(INDEX('Carga Pre'!$I$2:I4999,MATCH(ROW()-ROW($B$1),'Carga Pre'!$O$2:$O$4996,0)),"") -> 6R 7081 | K5: =IFERROR(INDEX('Carga Pre'!$J$2:J4999,MATCH(ROW()-ROW($B$1),'Carga Pre'!$O$2:$O$4996,0)),"") -> Bogotá | L5: =IFERROR(INDEX('Carga Pre'!$K$2:K4999,MATCH(ROW()-ROW($B$1),'Carga Pre'!$O$2:$O$4996,0)),"") -> 46162.155 | M5: =IFERROR(INDEX('Carga Pre'!$L$2:L4999,MATCH(ROW()-ROW($B$1),'Carga Pre'!$O$2:$O$4996,0)),"") -> F | N5: =ROUNDDOWN(HOUR(F5),1)+1 -> 3 | O5: =VLOOKUP(N5,'Time Chart'!$A$2:$D$25,4,0) -> 02:00 A 02:59 | P5: =ROUNDDOWN(HOUR(L5),1)+1 -> 4 | Q5: =VLOOKUP(P5,'Time Chart'!$A$2:$D$25,4,0) -> 03:00 A 03:59 | R5: =TEXT(F5,"dd/mm/aaaa") -> 20/05/2026 | S5: =COUNTIFS(Hoja1!$R$2,"="&R5) -> 1 | T5: =TEXT(L5,"dd/mm/aaaa") -> 20/05/2026 | U5: =COUNTIFS(Hoja1!$R$2,"="&T5) -> 1
A6: =ROW(A5) -> 5 | B6: =IFERROR(INDEX('Carga Pre'!$A$2:A5000,MATCH(ROW()-ROW($B$1),'Carga Pre'!$O$2:$O$4996,0)),"") -> Flight activated | C6: =IFERROR(INDEX('Carga Pre'!$B$2:$B$196,MATCH(ROW()-ROW($A$1),'Carga Pre'!$O$2:$O$196,0)),"") -> Air France | D6: =IFERROR(INDEX('Carga Pre'!$C$2:C5000,MATCH(ROW()-ROW($B$1),'Carga Pre'!$O$2:$O$4996,0)),"") -> 77F | E6: =IFERROR(INDEX('Carga Pre'!$D$2:D5000,MATCH(ROW()-ROW($B$1),'Carga Pre'!$O$2:$O$4996,0)),"") -> AF 6720 | F6: =IFERROR(INDEX('Carga Pre'!$E$2:$E$4996,MATCH(ROW()-ROW($B$1),'Carga Pre'!$O$2:$O$4996,0)),"") -> 46162.128 | G6: =IFERROR(INDEX('Carga Pre'!$F$2:F5000,MATCH(ROW()-ROW($B$1),'Carga Pre'!$O$2:$O$4996,0)),"") -> París | H6: =IFERROR(INDEX('Carga Pre'!$G$2:G5000,MATCH(ROW()-ROW($B$1),'Carga Pre'!$O$2:$O$4996,0)),"") -> --- | I6: =IFERROR(INDEX('Carga Pre'!$H$2:H5000,MATCH(ROW()-ROW($B$1),'Carga Pre'!$O$2:$O$4996,0)),"") -> 609 | J6: =IFERROR(INDEX('Carga Pre'!$I$2:I5000,MATCH(ROW()-ROW($B$1),'Carga Pre'!$O$2:$O$4996,0)),"") -> AF 6721 | K6: =IFERROR(INDEX('Carga Pre'!$J$2:J5000,MATCH(ROW()-ROW($B$1),'Carga Pre'!$O$2:$O$4996,0)),"") -> Guadalajara | L6: =IFERROR(INDEX('Carga Pre'!$K$2:K5000,MATCH(ROW()-ROW($B$1),'Carga Pre'!$O$2:$O$4996,0)),"") -> 46162.295 | M6: =IFERROR(INDEX('Carga Pre'!$L$2:L5000,MATCH(ROW()-ROW($B$1),'Carga Pre'!$O$2:$O$4996,0)),"") -> F | N6: =ROUNDDOWN(HOUR(F6),1)+1 -> 4 | O6: =VLOOKUP(N6,'Time Chart'!$A$2:$D$25,4,0) -> 03:00 A 03:59 | P6: =ROUNDDOWN(HOUR(L6),1)+1 -> 8 | Q6: =VLOOKUP(P6,'Time Chart'!$A$2:$D$25,4,0) -> 07:00 A 07:59 | R6: =TEXT(F6,"dd/mm/aaaa") -> 20/05/2026 | S6: =COUNTIFS(Hoja1!$R$2,"="&R6) -> 1 | T6: =TEXT(L6,"dd/mm/aaaa") -> 20/05/2026 | U6: =COUNTIFS(Hoja1!$R$2,"="&T6) -> 1
A7: =ROW(A6) -> 6 | B7: =IFERROR(INDEX('Carga Pre'!$A$2:A5001,MATCH(ROW()-ROW($B$1),'Carga Pre'!$O$2:$O$4996,0)),"") -> Flight scheduled | C7: =IFERROR(INDEX('Carga Pre'!$B$2:$B$196,MATCH(ROW()-ROW($A$1),'Carga Pre'!$O$2:$O$196,0)),"") -> Estafeta | D7: =IFERROR(INDEX('Carga Pre'!$C$2:C5001,MATCH(ROW()-ROW($B$1),'Carga Pre'!$O$2:$O$4996,0)),"") -> 734 | E7: =IFERROR(INDEX('Carga Pre'!$D$2:D5001,MATCH(ROW()-ROW($B$1),'Carga Pre'!$O$2:$O$4996,0)),"") -> E7 615 | F7: =IFERROR(INDEX('Carga Pre'!$E$2:$E$4996,MATCH(ROW()-ROW($B$1),'Carga Pre'!$O$2:$O$4996,0)),"") -> 46162.208 | G7: =IFERROR(INDEX('Carga Pre'!$F$2:F5001,MATCH(ROW()-ROW($B$1),'Carga Pre'!$O$2:$O$4996,0)),"") -> San Luis Potosí | H7: =IFERROR(INDEX('Carga Pre'!$G$2:G5001,MATCH(ROW()-ROW($B$1),'Carga Pre'!$O$2:$O$4996,0)),"") -> --- | I7: =IFERROR(INDEX('Carga Pre'!$H$2:H5001,MATCH(ROW()-ROW($B$1),'Carga Pre'!$O$2:$O$4996,0)),"") -> 601A | J7: =IFERROR(INDEX('Carga Pre'!$I$2:I5001,MATCH(ROW()-ROW($B$1),'Carga Pre'!$O$2:$O$4996,0)),"") -> E7 615 | K7: =IFERROR(INDEX('Carga Pre'!$J$2:J5001,MATCH(ROW()-ROW($B$1),'Carga Pre'!$O$2:$O$4996,0)),"") -> Mérida | L7: =IFERROR(INDEX('Carga Pre'!$K$2:K5001,MATCH(ROW()-ROW($B$1),'Carga Pre'!$O$2:$O$4996,0)),"") -> 46162.229 | M7: =IFERROR(INDEX('Carga Pre'!$L$2:L5001,MATCH(ROW()-ROW($B$1),'Carga Pre'!$O$2:$O$4996,0)),"") -> F | N7: =ROUNDDOWN(HOUR(F7),1)+1 -> 6 | O7: =VLOOKUP(N7,'Time Chart'!$A$2:$D$25,4,0) -> 05:00 A 05:59 | P7: =ROUNDDOWN(HOUR(L7),1)+1 -> 6 | Q7: =VLOOKUP(P7,'Time Chart'!$A$2:$D$25,4,0) -> 05:00 A 05:59 | R7: =TEXT(F7,"dd/mm/aaaa") -> 20/05/2026 | S7: =COUNTIFS(Hoja1!$R$2,"="&R7) -> 1 | T7: =TEXT(L7,"dd/mm/aaaa") -> 20/05/2026 | U7: =COUNTIFS(Hoja1!$R$2,"="&T7) -> 1
A8: =ROW(A7) -> 7 | B8: =IFERROR(INDEX('Carga Pre'!$A$2:A5002,MATCH(ROW()-ROW($B$1),'Carga Pre'!$O$2:$O$4996,0)),"") -> Flight scheduled | C8: =IFERROR(INDEX('Carga Pre'!$B$2:$B$196,MATCH(ROW()-ROW($A$1),'Carga Pre'!$O$2:$O$196,0)),"") -> China Southerrn | D8: =IFERROR(INDEX('Carga Pre'!$C$2:C5002,MATCH(ROW()-ROW($B$1),'Carga Pre'!$O$2:$O$4996,0)),"") -> 772 | E8: =IFERROR(INDEX('Carga Pre'!$D$2:D5002,MATCH(ROW()-ROW($B$1),'Carga Pre'!$O$2:$O$4996,0)),"") -> CZ 2521 | F8: =IFERROR(INDEX('Carga Pre'!$E$2:$E$4996,MATCH(ROW()-ROW($B$1),'Carga Pre'!$O$2:$O$4996,0)),"") -> 46162.257 | G8: =IFERROR(INDEX('Carga Pre'!$F$2:F5002,MATCH(ROW()-ROW($B$1),'Carga Pre'!$O$2:$O$4996,0)),"") -> Anchorage | H8: =IFERROR(INDEX('Carga Pre'!$G$2:G5002,MATCH(ROW()-ROW($B$1),'Carga Pre'!$O$2:$O$4996,0)),"") -> --- | I8: =IFERROR(INDEX('Carga Pre'!$H$2:H5002,MATCH(ROW()-ROW($B$1),'Carga Pre'!$O$2:$O$4996,0)),"") -> 608 | J8: =IFERROR(INDEX('Carga Pre'!$I$2:I5002,MATCH(ROW()-ROW($B$1),'Carga Pre'!$O$2:$O$4996,0)),"") -> CZ 2522 | K8: =IFERROR(INDEX('Carga Pre'!$J$2:J5002,MATCH(ROW()-ROW($B$1),'Carga Pre'!$O$2:$O$4996,0)),"") -> Shanghai | L8: =IFERROR(INDEX('Carga Pre'!$K$2:K5002,MATCH(ROW()-ROW($B$1),'Carga Pre'!$O$2:$O$4996,0)),"") -> 46162.361 | M8: =IFERROR(INDEX('Carga Pre'!$L$2:L5002,MATCH(ROW()-ROW($B$1),'Carga Pre'!$O$2:$O$4996,0)),"") -> F | N8: =ROUNDDOWN(HOUR(F8),1)+1 -> 7 | O8: =VLOOKUP(N8,'Time Chart'!$A$2:$D$25,4,0) -> 06:00 A 06:59 | P8: =ROUNDDOWN(HOUR(L8),1)+1 -> 9 | Q8: =VLOOKUP(P8,'Time Chart'!$A$2:$D$25,4,0) -> 08:00 A 08:59 | R8: =TEXT(F8,"dd/mm/aaaa") -> 20/05/2026 | S8: =COUNTIFS(Hoja1!$R$2,"="&R8) -> 1 | T8: =TEXT(L8,"dd/mm/aaaa") -> 20/05/2026 | U8: =COUNTIFS(Hoja1!$R$2,"="&T8) -> 1
A9: =ROW(A8) -> 8 | B9: =IFERROR(INDEX('Carga Pre'!$A$2:A5003,MATCH(ROW()-ROW($B$1),'Carga Pre'!$O$2:$O$4996,0)),"") -> Flight scheduled | C9: =IFERROR(INDEX('Carga Pre'!$B$2:$B$196,MATCH(ROW()-ROW($A$1),'Carga Pre'!$O$2:$O$196,0)),"") -> United Parcel Service | D9: =IFERROR(INDEX('Carga Pre'!$C$2:C5003,MATCH(ROW()-ROW($B$1),'Carga Pre'!$O$2:$O$4996,0)),"") -> 763 | E9: =IFERROR(INDEX('Carga Pre'!$D$2:D5003,MATCH(ROW()-ROW($B$1),'Carga Pre'!$O$2:$O$4996,0)),"") -> 5X 320 | F9: =IFERROR(INDEX('Carga Pre'!$E$2:$E$4996,MATCH(ROW()-ROW($B$1),'Carga Pre'!$O$2:$O$4996,0)),"") -> 46162.266 | G9: =IFERROR(INDEX('Carga Pre'!$F$2:F5003,MATCH(ROW()-ROW($B$1),'Carga Pre'!$O$2:$O$4996,0)),"") -> Louisville | H9: =IFERROR(INDEX('Carga Pre'!$G$2:G5003,MATCH(ROW()-ROW($B$1),'Carga Pre'!$O$2:$O$4996,0)),"") -> --- | I9: =IFERROR(INDEX('Carga Pre'!$H$2:H5003,MATCH(ROW()-ROW($B$1),'Carga Pre'!$O$2:$O$4996,0)),"") -> 602A | J9: =IFERROR(INDEX('Carga Pre'!$I$2:I5003,MATCH(ROW()-ROW($B$1),'Carga Pre'!$O$2:$O$4996,0)),"") -> 5X 321 | K9: =IFERROR(INDEX('Carga Pre'!$J$2:J5003,MATCH(ROW()-ROW($B$1),'Carga Pre'!$O$2:$O$4996,0)),"") -> Louisville | L9: =IFERROR(INDEX('Carga Pre'!$K$2:K5003,MATCH(ROW()-ROW($B$1),'Carga Pre'!$O$2:$O$4996,0)),"") -> 46162.818 | M9: =IFERROR(INDEX('Carga Pre'!$L$2:L5003,MATCH(ROW()-ROW($B$1),'Carga Pre'!$O$2:$O$4996,0)),"") -> F | N9: =ROUNDDOWN(HOUR(F9),1)+1 -> 7 | O9: =VLOOKUP(N9,'Time Chart'!$A$2:$D$25,4,0) -> 06:00 A 06:59 | P9: =ROUNDDOWN(HOUR(L9),1)+1 -> 20 | Q9: =VLOOKUP(P9,'Time Chart'!$A$2:$D$25,4,0) -> 19:00 A 19:59 | R9: =TEXT(F9,"dd/mm/aaaa") -> 20/05/2026 | S9: =COUNTIFS(Hoja1!$R$2,"="&R9) -> 1 | T9: =TEXT(L9,"dd/mm/aaaa") -> 20/05/2026 | U9: =COUNTIFS(Hoja1!$R$2,"="&T9) -> 1
A10: =ROW(A9) -> 9 | B10: =IFERROR(INDEX('Carga Pre'!$A$2:A5004,MATCH(ROW()-ROW($B$1),'Carga Pre'!$O$2:$O$4996,0)),"") -> Flight activated | C10: =IFERROR(INDEX('Carga Pre'!$B$2:$B$196,MATCH(ROW()-ROW($A$1),'Carga Pre'!$O$2:$O$196,0)),"") -> Air Canada | D10: =IFERROR(INDEX('Carga Pre'!$C$2:C5004,MATCH(ROW()-ROW($B$1),'Carga Pre'!$O$2:$O$4996,0)),"") -> 764 | E10: =IFERROR(INDEX('Carga Pre'!$D$2:D5004,MATCH(ROW()-ROW($B$1),'Carga Pre'!$O$2:$O$4996,0)),"") -> AC 7246 | F10: =IFERROR(INDEX('Carga Pre'!$E$2:$E$4996,MATCH(ROW()-ROW($B$1),'Carga Pre'!$O$2:$O$4996,0)),"") -> 46162.292 | G10: =IFERROR(INDEX('Carga Pre'!$F$2:F5004,MATCH(ROW()-ROW($B$1),'Carga Pre'!$O$2:$O$4996,0)),"") -> Toronto | H10: =IFERROR(INDEX('Carga Pre'!$G$2:G5004,MATCH(ROW()-ROW($B$1),'Carga Pre'!$O$2:$O$4996,0)),"") -> --- | I10: =IFERROR(INDEX('Carga Pre'!$H$2:H5004,MATCH(ROW()-ROW($B$1),'Carga Pre'!$O$2:$O$4996,0)),"") -> 601B | J10: =IFERROR(INDEX('Carga Pre'!$I$2:I5004,MATCH(ROW()-ROW($B$1),'Carga Pre'!$O$2:$O$4996,0)),"") -> AC 7246 | K10: =IFERROR(INDEX('Carga Pre'!$J$2:J5004,MATCH(ROW()-ROW($B$1),'Carga Pre'!$O$2:$O$4996,0)),"") -> Guadalajara | L10: =IFERROR(INDEX('Carga Pre'!$K$2:K5004,MATCH(ROW()-ROW($B$1),'Carga Pre'!$O$2:$O$4996,0)),"") -> 46162.375 | M10: =IFERROR(INDEX('Carga Pre'!$L$2:L5004,MATCH(ROW()-ROW($B$1),'Carga Pre'!$O$2:$O$4996,0)),"") -> F | N10: =ROUNDDOWN(HOUR(F10),1)+1 -> 8 | O10: =VLOOKUP(N10,'Time Chart'!$A$2:$D$25,4,0) -> 07:00 A 07:59 | P10: =ROUNDDOWN(HOUR(L10),1)+1 -> 10 | Q10: =VLOOKUP(P10,'Time Chart'!$A$2:$D$25,4,0) -> 09:00 A 09:59 | R10: =TEXT(F10,"dd/mm/aaaa") -> 20/05/2026 | S10: =COUNTIFS(Hoja1!$R$2,"="&R10) -> 1 | T10: =TEXT(L10,"dd/mm/aaaa") -> 20/05/2026 | U10: =COUNTIFS(Hoja1!$R$2,"="&T10) -> 1
A11: =ROW(A10) -> 10 | B11: =IFERROR(INDEX('Carga Pre'!$A$2:A5005,MATCH(ROW()-ROW($B$1),'Carga Pre'!$O$2:$O$4996,0)),"") -> Flight scheduled | C11: =IFERROR(INDEX('Carga Pre'!$B$2:$B$196,MATCH(ROW()-ROW($A$1),'Carga Pre'!$O$2:$O$196,0)),"") -> Cargojet Airways | D11: =IFERROR(INDEX('Carga Pre'!$C$2:C5005,MATCH(ROW()-ROW($B$1),'Carga Pre'!$O$2:$O$4996,0)),"") -> 76Y | E11: =IFERROR(INDEX('Carga Pre'!$D$2:D5005,MATCH(ROW()-ROW($B$1),'Carga Pre'!$O$2:$O$4996,0)),"") -> W8 952 | F11: =IFERROR(INDEX('Carga Pre'!$E$2:$E$4996,MATCH(ROW()-ROW($B$1),'Carga Pre'!$O$2:$O$4996,0)),"") -> 46162.354 | G11: =IFERROR(INDEX('Carga Pre'!$F$2:F5005,MATCH(ROW()-ROW($B$1),'Carga Pre'!$O$2:$O$4996,0)),"") -> Cincinnati | H11: =IFERROR(INDEX('Carga Pre'!$G$2:G5005,MATCH(ROW()-ROW($B$1),'Carga Pre'!$O$2:$O$4996,0)),"") -> --- | I11: =IFERROR(INDEX('Carga Pre'!$H$2:H5005,MATCH(ROW()-ROW($B$1),'Carga Pre'!$O$2:$O$4996,0)),"") -> 601A | J11: =IFERROR(INDEX('Carga Pre'!$I$2:I5005,MATCH(ROW()-ROW($B$1),'Carga Pre'!$O$2:$O$4996,0)),"") -> W8 951 | K11: =IFERROR(INDEX('Carga Pre'!$J$2:J5005,MATCH(ROW()-ROW($B$1),'Carga Pre'!$O$2:$O$4996,0)),"") -> Cincinnati | L11: =IFERROR(INDEX('Carga Pre'!$K$2:K5005,MATCH(ROW()-ROW($B$1),'Carga Pre'!$O$2:$O$4996,0)),"") -> 46162.833 | M11: =IFERROR(INDEX('Carga Pre'!$L$2:L5005,MATCH(ROW()-ROW($B$1),'Carga Pre'!$O$2:$O$4996,0)),"") -> F | N11: =ROUNDDOWN(HOUR(F11),1)+1 -> 9 | O11: =VLOOKUP(N11,'Time Chart'!$A$2:$D$25,4,0) -> 08:00 A 08:59 | P11: =ROUNDDOWN(HOUR(L11),1)+1 -> 21 | Q11: =VLOOKUP(P11,'Time Chart'!$A$2:$D$25,4,0) -> 20:00 A 20:59 | R11: =TEXT(F11,"dd/mm/aaaa") -> 20/05/2026 | S11: =COUNTIFS(Hoja1!$R$2,"="&R11) -> 1 | T11: =TEXT(L11,"dd/mm/aaaa") -> 20/05/2026 | U11: =COUNTIFS(Hoja1!$R$2,"="&T11) -> 1
A12: =ROW(A11) -> 11 | B12: =IFERROR(INDEX('Carga Pre'!$A$2:A5006,MATCH(ROW()-ROW($B$1),'Carga Pre'!$O$2:$O$4996,0)),"") -> Flight scheduled | C12: =IFERROR(INDEX('Carga Pre'!$B$2:$B$196,MATCH(ROW()-ROW($A$1),'Carga Pre'!$O$2:$O$196,0)),"") -> Atlas Air | D12: =IFERROR(INDEX('Carga Pre'!$C$2:C5006,MATCH(ROW()-ROW($B$1),'Carga Pre'!$O$2:$O$4996,0)),"") -> 74Y/744 | E12: =IFERROR(INDEX('Carga Pre'!$D$2:D5006,MATCH(ROW()-ROW($B$1),'Carga Pre'!$O$2:$O$4996,0)),"") -> 5Y 8174 | F12: =IFERROR(INDEX('Carga Pre'!$E$2:$E$4996,MATCH(ROW()-ROW($B$1),'Carga Pre'!$O$2:$O$4996,0)),"") -> 46162.358 | G12: =IFERROR(INDEX('Carga Pre'!$F$2:F5006,MATCH(ROW()-ROW($B$1),'Carga Pre'!$O$2:$O$4996,0)),"") -> Anchorage | H12: =IFERROR(INDEX('Carga Pre'!$G$2:G5006,MATCH(ROW()-ROW($B$1),'Carga Pre'!$O$2:$O$4996,0)),"") -> --- | I12: =IFERROR(INDEX('Carga Pre'!$H$2:H5006,MATCH(ROW()-ROW($B$1),'Carga Pre'!$O$2:$O$4996,0)),"") -> 607 | J12: =IFERROR(INDEX('Carga Pre'!$I$2:I5006,MATCH(ROW()-ROW($B$1),'Carga Pre'!$O$2:$O$4996,0)),"") -> 5Y 8174 | K12: =IFERROR(INDEX('Carga Pre'!$J$2:J5006,MATCH(ROW()-ROW($B$1),'Carga Pre'!$O$2:$O$4996,0)),"") -> Los Angeles | L12: =IFERROR(INDEX('Carga Pre'!$K$2:K5006,MATCH(ROW()-ROW($B$1),'Carga Pre'!$O$2:$O$4996,0)),"") -> 46162.441 | M12: =IFERROR(INDEX('Carga Pre'!$L$2:L5006,MATCH(ROW()-ROW($B$1),'Carga Pre'!$O$2:$O$4996,0)),"") -> F | N12: =ROUNDDOWN(HOUR(F12),1)+1 -> 9 | O12: =VLOOKUP(N12,'Time Chart'!$A$2:$D$25,4,0) -> 08:00 A 08:59 | P12: =ROUNDDOWN(HOUR(L12),1)+1 -> 11 | Q12: =VLOOKUP(P12,'Time Chart'!$A$2:$D$25,4,0) -> 10:00 A 10:59 | R12: =TEXT(F12,"dd/mm/aaaa") -> 20/05/2026 | S12: =COUNTIFS(Hoja1!$R$2,"="&R12) -> 1 | T12: =TEXT(L12,"dd/mm/aaaa") -> 20/05/2026 | U12: =COUNTIFS(Hoja1!$R$2,"="&T12) -> 1
A13: =ROW(A12) -> 12 | B13: =IFERROR(INDEX('Carga Pre'!$A$2:A5007,MATCH(ROW()-ROW($B$1),'Carga Pre'!$O$2:$O$4996,0)),"") -> Flight scheduled | C13: =IFERROR(INDEX('Carga Pre'!$B$2:$B$196,MATCH(ROW()-ROW($A$1),'Carga Pre'!$O$2:$O$196,0)),"") -> MasAir | D13: =IFERROR(INDEX('Carga Pre'!$C$2:C5007,MATCH(ROW()-ROW($B$1),'Carga Pre'!$O$2:$O$4996,0)),"") -> 333 | E13: =IFERROR(INDEX('Carga Pre'!$D$2:D5007,MATCH(ROW()-ROW($B$1),'Carga Pre'!$O$2:$O$4996,0)),"") -> M7 6813 | F13: =IFERROR(INDEX('Carga Pre'!$E$2:$E$4996,MATCH(ROW()-ROW($B$1),'Carga Pre'!$O$2:$O$4996,0)),"") -> 46162.462 | G13: =IFERROR(INDEX('Carga Pre'!$F$2:F5007,MATCH(ROW()-ROW($B$1),'Carga Pre'!$O$2:$O$4996,0)),"") -> Guadalajara | H13: =IFERROR(INDEX('Carga Pre'!$G$2:G5007,MATCH(ROW()-ROW($B$1),'Carga Pre'!$O$2:$O$4996,0)),"") -> --- | I13: =IFERROR(INDEX('Carga Pre'!$H$2:H5007,MATCH(ROW()-ROW($B$1),'Carga Pre'!$O$2:$O$4996,0)),"") -> 606 | J13: =IFERROR(INDEX('Carga Pre'!$I$2:I5007,MATCH(ROW()-ROW($B$1),'Carga Pre'!$O$2:$O$4996,0)),"") -> M7 6333 | K13: =IFERROR(INDEX('Carga Pre'!$J$2:J5007,MATCH(ROW()-ROW($B$1),'Carga Pre'!$O$2:$O$4996,0)),"") -> Bogotá | L13: =IFERROR(INDEX('Carga Pre'!$K$2:K5007,MATCH(ROW()-ROW($B$1),'Carga Pre'!$O$2:$O$4996,0)),"") -> 46162.545 | M13: =IFERROR(INDEX('Carga Pre'!$L$2:L5007,MATCH(ROW()-ROW($B$1),'Carga Pre'!$O$2:$O$4996,0)),"") -> F | N13: =ROUNDDOWN(HOUR(F13),1)+1 -> 12 | O13: =VLOOKUP(N13,'Time Chart'!$A$2:$D$25,4,0) -> 11:00 A 11:59 | P13: =ROUNDDOWN(HOUR(L13),1)+1 -> 14 | Q13: =VLOOKUP(P13,'Time Chart'!$A$2:$D$25,4,0) -> 13:00 A 13:59 | R13: =TEXT(F13,"dd/mm/aaaa") -> 20/05/2026 | S13: =COUNTIFS(Hoja1!$R$2,"="&R13) -> 1 | T13: =TEXT(L13,"dd/mm/aaaa") -> 20/05/2026 | U13: =COUNTIFS(Hoja1!$R$2,"="&T13) -> 1
... A129: =ROW(A128) -> 128 | B129: =IFERROR(INDEX('Carga Pre'!$A$2:A5123,MATCH(ROW()-ROW($B$1),'Carga Pre'!$O$2:$O$4996,0)),"") | C129: =IFERROR(INDEX('Carga Pre'!$B$2:$B$196,MATCH(ROW()-ROW($A$1),'Carga Pre'!$O$2:$O$196,0)),"") | D129: =IFERROR(INDEX('Carga Pre'!$C$2:C5123,MATCH(ROW()-ROW($B$1),'Carga Pre'!$O$2:$O$4996,0)),"") | E129: =IFERROR(INDEX('Carga Pre'!$D$2:D5123,MATCH(ROW()-ROW($B$1),'Carga Pre'!$O$2:$O$4996,0)),"") | F129: =IFERROR(INDEX('Carga Pre'!$E$2:$E$4996,MATCH(ROW()-ROW($B$1),'Carga Pre'!$O$2:$O$4996,0)),"") | G129: =IFERROR(INDEX('Carga Pre'!$F$2:F5123,MATCH(ROW()-ROW($B$1),'Carga Pre'!$O$2:$O$4996,0)),"") | H129: =IFERROR(INDEX('Carga Pre'!$G$2:G5123,MATCH(ROW()-ROW($B$1),'Carga Pre'!$O$2:$O$4996,0)),"") | I129: =IFERROR(INDEX('Carga Pre'!$H$2:H5123,MATCH(ROW()-ROW($B$1),'Carga Pre'!$O$2:$O$4996,0)),"") | J129: =IFERROR(INDEX('Carga Pre'!$I$2:I5123,MATCH(ROW()-ROW($B$1),'Carga Pre'!$O$2:$O$4996,0)),"") | K129: =IFERROR(INDEX('Carga Pre'!$J$2:J5123,MATCH(ROW()-ROW($B$1),'Carga Pre'!$O$2:$O$4996,0)),"") | L129: =IFERROR(INDEX('Carga Pre'!$K$2:K5123,MATCH(ROW()-ROW($B$1),'Carga Pre'!$O$2:$O$4996,0)),"") | M129: =IFERROR(INDEX('Carga Pre'!$L$2:L5123,MATCH(ROW()-ROW($B$1),'Carga Pre'!$O$2:$O$4996,0)),"") | N129: =ROUNDDOWN(HOUR(F129),1)+1 -> #VALUE! | O129: =VLOOKUP(N129,'Time Chart'!$A$2:$D$25,4,0) -> #VALUE! | P129: =ROUNDDOWN(HOUR(L129),1)+1 -> #VALUE! | Q129: =VLOOKUP(P129,'Time Chart'!$A$2:$D$25,4,0) -> #VALUE! | R129: =TEXT(F129,"dd/mm/aaaa") | S129: =COUNTIFS(Hoja1!$R$2,"="&R129) -> 0 | T129: =TEXT(L129,"dd/mm/aaaa") | U129: =COUNTIFS(Hoja1!$R$2,"="&T129) -> 0
B130: =IFERROR(INDEX('Carga Pre'!$A$2:A5124,MATCH(ROW()-ROW($B$1),'Carga Pre'!$O$2:$O$4996,0)),"") | C130: =IFERROR(INDEX('Carga Pre'!$B$2:$B$196,MATCH(ROW()-ROW($A$1),'Carga Pre'!$O$2:$O$196,0)),"") | D130: =IFERROR(INDEX('Carga Pre'!$C$2:C5124,MATCH(ROW()-ROW($B$1),'Carga Pre'!$O$2:$O$4996,0)),"") | E130: =IFERROR(INDEX('Carga Pre'!$D$2:D5124,MATCH(ROW()-ROW($B$1),'Carga Pre'!$O$2:$O$4996,0)),"") | F130: =IFERROR(INDEX('Carga Pre'!$E$2:$E$4996,MATCH(ROW()-ROW($B$1),'Carga Pre'!$O$2:$O$4996,0)),"") | G130: =IFERROR(INDEX('Carga Pre'!$F$2:F5124,MATCH(ROW()-ROW($B$1),'Carga Pre'!$O$2:$O$4996,0)),"") | H130: =IFERROR(INDEX('Carga Pre'!$G$2:G5124,MATCH(ROW()-ROW($B$1),'Carga Pre'!$O$2:$O$4996,0)),"") | I130: =IFERROR(INDEX('Carga Pre'!$H$2:H5124,MATCH(ROW()-ROW($B$1),'Carga Pre'!$O$2:$O$4996,0)),"") | J130: =IFERROR(INDEX('Carga Pre'!$I$2:I5124,MATCH(ROW()-ROW($B$1),'Carga Pre'!$O$2:$O$4996,0)),"") | K130: =IFERROR(INDEX('Carga Pre'!$J$2:J5124,MATCH(ROW()-ROW($B$1),'Carga Pre'!$O$2:$O$4996,0)),"") | L130: =IFERROR(INDEX('Carga Pre'!$K$2:K5124,MATCH(ROW()-ROW($B$1),'Carga Pre'!$O$2:$O$4996,0)),"") | M130: =IFERROR(INDEX('Carga Pre'!$L$2:L5124,MATCH(ROW()-ROW($B$1),'Carga Pre'!$O$2:$O$4996,0)),"") | N130: =ROUNDDOWN(HOUR(F130),1)+1 -> #VALUE! | O130: =VLOOKUP(N130,'Time Chart'!$A$2:$D$25,4,0) -> #VALUE! | P130: =ROUNDDOWN(HOUR(L130),1)+1 -> #VALUE! | Q130: =VLOOKUP(P130,'Time Chart'!$A$2:$D$25,4,0) -> #VALUE! | R130: =TEXT(F130,"dd/mm/aaaa") | S130: =COUNTIFS(Hoja1!$R$2,"="&R130) -> 0 | T130: =TEXT(L130,"dd/mm/aaaa") | U130: =COUNTIFS(Hoja1!$R$2,"="&T130) -> 0

Sheet Pasajeros Pre
A1: Status | B1: [Arr] Airline code | C1: Aircraft type | D1: [Arr] Flight Number | E1: [Arr] SIBT | F1: [Arr] Routing | G1: [Arr] Baggage Belts | H1: [Arr] Stand | I1: [Dep] Flight Designator | J1: [Dep] Routing | K1: [Dep] SOBT | L1: [Dep] Service Type
A2: =IF(Hoja1!M2=1,Hoja1!A2,0) -> Last bag | B2: =VLOOKUP(Hoja1!B2,Data!$A$1:$B$504,2,0) -> Mexicana de Aviación | C2: =Hoja1!C2 -> E95 | D2: =Hoja1!D2 -> XN 1765 | E2: =IF(Hoja1!M2=1,Hoja1!E2,0) -> 46160.833 | F2: =VLOOKUP(Hoja1!F2,Data!$D$1:$E$504,2,0) -> Mérida | G2: =Hoja1!G2 -> 1 | H2: =Hoja1!H2 -> 108A | I2: =Hoja1!I2 -> XN 1430 | J2: =VLOOKUP(Hoja1!J2,Data!$G$1:$H$505,2,0) -> Guadalajara | K2: =IF(Hoja1!M2=1,Hoja1!K2,0) -> 46162.271 | L2: =IF(Hoja1!M2=1,Hoja1!L2:$N2,0) -> J | M2: =IF(A2>0,1,0) -> 1 | N2: =IF(M2=0,"",M2) -> 1 | O2: =IF(N2="","",MAX(O$1:O1)+1) -> 1
A3: =IF(Hoja1!M3=1,Hoja1!A3,0) -> Flight activated | B3: =VLOOKUP(Hoja1!B3,Data!$A$1:$B$504,2,0) -> Viva | C3: =Hoja1!C3 -> 32Q | D3: =Hoja1!D3 -> VB 3677 | E3: =IF(Hoja1!M3=1,Hoja1!E3,0) -> 46161.524 | F3: =VLOOKUP(Hoja1!F3,Data!$D$1:$E$504,2,0) -> Ixtapa Zihuatanejo | G3: =Hoja1!G3 -> 1 | H3: =Hoja1!H3 -> 132A | I3: =Hoja1!I3 -> VB 7382 | J3: =VLOOKUP(Hoja1!J3,Data!$G$1:$H$505,2,0) -> Monterrey | K3: =IF(Hoja1!M3=1,Hoja1!K3,0) -> 46162.253 | L3: =IF(Hoja1!M3=1,Hoja1!L3:$N3,0) -> J | M3: =IF(A3>0,1,0) -> 1 | N3: =IF(M3=0,"",M3) -> 1 | O3: =IF(N3="","",MAX(O$1:O2)+1) -> 2
A4: =IF(Hoja1!M4=1,Hoja1!A4,0) -> Flight activated | B4: =VLOOKUP(Hoja1!B4,Data!$A$1:$B$504,2,0) -> Viva | C4: =Hoja1!C4 -> 32A | D4: =Hoja1!D4 -> VB 7370 | E4: =IF(Hoja1!M4=1,Hoja1!E4,0) -> 46161.622 | F4: =VLOOKUP(Hoja1!F4,Data!$D$1:$E$504,2,0) -> La Paz | G4: =Hoja1!G4 -> 1 | H4: =Hoja1!H4 -> 107A | I4: =Hoja1!I4 -> VB 9222 | J4: =VLOOKUP(Hoja1!J4,Data!$G$1:$H$505,2,0) -> Puerto Escondido | K4: =IF(Hoja1!M4=1,Hoja1!K4,0) -> 46162.274 | L4: =IF(Hoja1!M4=1,Hoja1!L4:$N4,0) -> J | M4: =IF(A4>0,1,0) -> 1 | N4: =IF(M4=0,"",M4) -> 1 | O4: =IF(N4="","",MAX(O$1:O3)+1) -> 3
A5: =IF(Hoja1!M5=1,Hoja1!A5,0) -> Flight activated | B5: =VLOOKUP(Hoja1!B5,Data!$A$1:$B$504,2,0) -> Aerus | C5: =Hoja1!C5 -> CNF | D5: =Hoja1!D5 -> ZV 361 | E5: =IF(Hoja1!M5=1,Hoja1!E5,0) -> 46161.712 | F5: =VLOOKUP(Hoja1!F5,Data!$D$1:$E$504,2,0) -> Ciudad Victoria | G5: =Hoja1!G5 -> 1 | H5: =Hoja1!H5 -> 501 | I5: =Hoja1!I5 -> ZV 364 | J5: =VLOOKUP(Hoja1!J5,Data!$G$1:$H$505,2,0) -> Ciudad Victoria | K5: =IF(Hoja1!M5=1,Hoja1!K5,0) -> 46162.25 | L5: =IF(Hoja1!M5=1,Hoja1!L5:$N5,0) -> J | M5: =IF(A5>0,1,0) -> 1 | N5: =IF(M5=0,"",M5) -> 1 | O5: =IF(N5="","",MAX(O$1:O4)+1) -> 4
A6: =IF(Hoja1!M6=1,Hoja1!A6,0) -> Departed from previous airport | B6: =VLOOKUP(Hoja1!B6,Data!$A$1:$B$504,2,0) -> Viva | C6: =Hoja1!C6 -> 32A | D6: =Hoja1!D6 -> VB 7435 | E6: =IF(Hoja1!M6=1,Hoja1!E6,0) -> 46161.844 | F6: =VLOOKUP(Hoja1!F6,Data!$D$1:$E$504,2,0) -> Veracruz | G6: =Hoja1!G6 -> 2 | H6: =Hoja1!H6 -> 505 | I6: =Hoja1!I6 -> VB 9480 | J6: =VLOOKUP(Hoja1!J6,Data!$G$1:$H$505,2,0) -> Ciudad Obregón | K6: =IF(Hoja1!M6=1,Hoja1!K6,0) -> 46162.288 | L6: =IF(Hoja1!M6=1,Hoja1!L6:$N6,0) -> J | M6: =IF(A6>0,1,0) -> 1 | N6: =IF(M6=0,"",M6) -> 1 | O6: =IF(N6="","",MAX(O$1:O5)+1) -> 5
A7: =IF(Hoja1!M7=1,Hoja1!A7,0) -> Flight activated | B7: =VLOOKUP(Hoja1!B7,Data!$A$1:$B$504,2,0) -> Volaris | C7: =Hoja1!C7 -> 320 | D7: =Hoja1!D7 -> Y4 7171 | E7: =IF(Hoja1!M7=1,Hoja1!E7,0) -> 46161.849 | F7: =VLOOKUP(Hoja1!F7,Data!$D$1:$E$504,2,0) -> La Paz | G7: =Hoja1!G7 -> 1 | H7: =Hoja1!H7 -> 109B | I7: =Hoja1!I7 -> Y4 1291 | J7: =VLOOKUP(Hoja1!J7,Data!$G$1:$H$505,2,0) -> Guadalajara | K7: =IF(Hoja1!M7=1,Hoja1!K7,0) -> 46162.271 | L7: =IF(Hoja1!M7=1,Hoja1!L7:$N7,0) -> J | M7: =IF(A7>0,1,0) -> 1 | N7: =IF(M7=0,"",M7) -> 1 | O7: =IF(N7="","",MAX(O$1:O6)+1) -> 6
A8: =IF(Hoja1!M8=1,Hoja1!A8,0) -> Flight activated | B8: =VLOOKUP(Hoja1!B8,Data!$A$1:$B$504,2,0) -> Volaris | C8: =Hoja1!C8 -> 32N | D8: =Hoja1!D8 -> Y4 1292 | E8: =IF(Hoja1!M8=1,Hoja1!E8,0) -> 46161.852 | F8: =VLOOKUP(Hoja1!F8,Data!$D$1:$E$504,2,0) -> Guadalajara | G8: =Hoja1!G8 -> 1 | H8: =Hoja1!H8 -> 109A | I8: =Hoja1!I8 -> Y4 3960 | J8: =VLOOKUP(Hoja1!J8,Data!$G$1:$H$505,2,0) -> Bogotá | K8: =IF(Hoja1!M8=1,Hoja1!K8,0) -> 46162.025 | L8: =IF(Hoja1!M8=1,Hoja1!L8:$N8,0) -> J | M8: =IF(A8>0,1,0) -> 1 | N8: =IF(M8=0,"",M8) -> 1 | O8: =IF(N8="","",MAX(O$1:O7)+1) -> 7
A9: =IF(Hoja1!M9=1,Hoja1!A9,0) -> Flight activated | B9: =VLOOKUP(Hoja1!B9,Data!$A$1:$B$504,2,0) -> Aeromexico | C9: =Hoja1!C9 -> E90 | D9: =Hoja1!D9 -> AM 871 | E9: =IF(Hoja1!M9=1,Hoja1!E9,0) -> 46161.863 | F9: =VLOOKUP(Hoja1!F9,Data!$D$1:$E$504,2,0) -> Veracruz | G9: =Hoja1!G9 -> --- | H9: =Hoja1!H9 -> 111A | I9: =Hoja1!I9 -> AM 880 | J9: =VLOOKUP(Hoja1!J9,Data!$G$1:$H$505,2,0) -> Puerto Vallarta | K9: =IF(Hoja1!M9=1,Hoja1!K9,0) -> 46162.604 | L9: =IF(Hoja1!M9=1,Hoja1!L9:$N9,0) -> J | M9: =IF(A9>0,1,0) -> 1 | N9: =IF(M9=0,"",M9) -> 1 | O9: =IF(N9="","",MAX(O$1:O8)+1) -> 8
A10: =IF(Hoja1!M10=1,Hoja1!A10,0) -> Flight activated | B10: =VLOOKUP(Hoja1!B10,Data!$A$1:$B$504,2,0) -> Viva | C10: =Hoja1!C10 -> 32N | D10: =Hoja1!D10 -> VB 9233 | E10: =IF(Hoja1!M10=1,Hoja1!E10,0) -> 46161.944 | F10: =VLOOKUP(Hoja1!F10,Data!$D$1:$E$504,2,0) -> Mazatlán | G10: =Hoja1!G10 -> 1 | H10: =Hoja1!H10 -> 503 | I10: =Hoja1!I10 -> VB 5069 | J10: =VLOOKUP(Hoja1!J10,Data!$G$1:$H$505,2,0) -> Tijuana | K10: =IF(Hoja1!M10=1,Hoja1!K10,0) -> 46162.25 | L10: =IF(Hoja1!M10=1,Hoja1!L10:$N10,0) -> J | M10: =IF(A10>0,1,0) -> 1 | N10: =IF(M10=0,"",M10) -> 1 | O10: =IF(N10="","",MAX(O$1:O9)+1) -> 9
A11: =IF(Hoja1!M11=1,Hoja1!A11,0) -> Flight scheduled | B11: =VLOOKUP(Hoja1!B11,Data!$A$1:$B$504,2,0) -> Mexicana de Aviación | C11: =Hoja1!C11 -> 295 | D11: =Hoja1!D11 -> XN 1107 | E11: =IF(Hoja1!M11=1,Hoja1!E11,0) -> 46161.955 | F11: =VLOOKUP(Hoja1!F11,Data!$D$1:$E$504,2,0) -> Monterrey | G11: =Hoja1!G11 -> 3 | H11: =Hoja1!H11 -> 112B | I11: =Hoja1!I11 -> XN 1100 | J11: =VLOOKUP(Hoja1!J11,Data!$G$1:$H$505,2,0) -> Monterrey | K11: =IF(Hoja1!M11=1,Hoja1!K11,0) -> 46162.25 | L11: =IF(Hoja1!M11=1,Hoja1!L11:$N11,0) -> J | M11: =IF(A11>0,1,0) -> 1 | N11: =IF(M11=0,"",M11) -> 1 | O11: =IF(N11="","",MAX(O$1:O10)+1) -> 10
A12: =IF(Hoja1!M12=1,Hoja1!A12,0) -> Flight scheduled | B12: =VLOOKUP(Hoja1!B12,Data!$A$1:$B$504,2,0) -> Mexicana de Aviación | C12: =Hoja1!C12 -> 295 | D12: =Hoja1!D12 -> XN 1437 | E12: =IF(Hoja1!M12=1,Hoja1!E12,0) -> 46161.958 | F12: =VLOOKUP(Hoja1!F12,Data!$D$1:$E$504,2,0) -> Guadalajara | G12: =Hoja1!G12 -> 3 | H12: =Hoja1!H12 -> 108A | I12: =Hoja1!I12 -> XN 1760 | J12: =VLOOKUP(Hoja1!J12,Data!$G$1:$H$505,2,0) -> Mérida | K12: =IF(Hoja1!M12=1,Hoja1!K12,0) -> 46162.285 | L12: =IF(Hoja1!M12=1,Hoja1!L12:$N12,0) -> J | M12: =IF(A12>0,1,0) -> 1 | N12: =IF(M12=0,"",M12) -> 1 | O12: =IF(N12="","",MAX(O$1:O11)+1) -> 11
A13: =IF(Hoja1!M13=1,Hoja1!A13,0) -> Flight activated | B13: =VLOOKUP(Hoja1!B13,Data!$A$1:$B$504,2,0) -> Viva | C13: =Hoja1!C13 -> 321 | D13: =Hoja1!D13 -> VB 2288 | E13: =IF(Hoja1!M13=1,Hoja1!E13,0) -> 46161.962 | F13: =VLOOKUP(Hoja1!F13,Data!$D$1:$E$504,2,0) -> Cancún | G13: =Hoja1!G13 -> 2 | H13: =Hoja1!H13 -> 502 | I13: =Hoja1!I13 -> VB 2281 | J13: =VLOOKUP(Hoja1!J13,Data!$G$1:$H$505,2,0) -> Cancún | K13: =IF(Hoja1!M13=1,Hoja1!K13,0) -> 46162.264 | L13: =IF(Hoja1!M13=1,Hoja1!L13:$N13,0) -> J | M13: =IF(A13>0,1,0) -> 1 | N13: =IF(M13=0,"",M13) -> 1 | O13: =IF(N13="","",MAX(O$1:O12)+1) -> 12
... A599: =IF(Hoja1!M599=1,Hoja1!A599,0) -> 0 | B599: =VLOOKUP(Hoja1!B599,Data!$A$1:$B$504,2,0) -> #N/A | C599: =Hoja1!C599 -> 0 | D599: =Hoja1!D599 -> 0 | E599: =IF(Hoja1!M599=1,Hoja1!E599,0) -> 0 | F599: =VLOOKUP(Hoja1!F599,Data!$D$1:$E$504,2,0) -> #N/A | G599: =Hoja1!G599 -> 0 | H599: =Hoja1!H599 -> 0 | I599: =Hoja1!I599 -> 0 | J599: =VLOOKUP(Hoja1!J599,Data!$G$1:$H$505,2,0) -> #N/A | K599: =IF(Hoja1!M599=1,Hoja1!K599,0) -> 0 | L599: =IF(Hoja1!M599=1,Hoja1!L599:$N599,0) -> 0 | M599: =IF(A599>0,1,0) -> 0 | N599: =IF(M599=0,"",M599) | O599: =IF(N599="","",MAX(O$1:O598)+1)

Sheet Carga Pre
A1: Status | B1: [Arr] Airline code | C1: Aircraft type | D1: [Arr] Flight Number | E1: [Arr] SIBT | F1: [Arr] Routing | G1: [Arr] Baggage Belts | H1: [Arr] Stand | I1: [Dep] Flight Designator | J1: [Dep] Routing | K1: [Dep] SOBT | L1: [Dep] Service Type
A2: =IF(Hoja1!M2=2,Hoja1!A2,0) -> 0 | B2: =VLOOKUP(Hoja1!B2,Data!$A$1:$B$504,2,0) -> Mexicana de Aviación | C2: =Hoja1!C2 -> E95 | D2: =Hoja1!D2 -> XN 1765 | E2: =IF(Hoja1!M2=2,Hoja1!E2,0) -> 0 | F2: =VLOOKUP(Hoja1!F2,Data!$D$1:$E$5004,2,0) -> Mérida | G2: =Hoja1!G2 -> 1 | H2: =Hoja1!H2 -> 108A | I2: =Hoja1!I2 -> XN 1430 | J2: =VLOOKUP(Hoja1!J2,Data!$G$1:$H$505,2,0) -> Guadalajara | K2: =IF(Hoja1!M2=2,Hoja1!K2,0) -> 0 | L2: =IF(Hoja1!M2=2,Hoja1!L2:$N2,0) -> 0 | M2: =IF(A2>0,1,0) -> 0 | N2: =IF(M2=0,"",M2) | O2: =IF(N2="","",MAX(O$1:O1)+1)
A3: =IF(Hoja1!M3=2,Hoja1!A3,0) -> 0 | B3: =VLOOKUP(Hoja1!B3,Data!$A$1:$B$504,2,0) -> Viva | C3: =Hoja1!C3 -> 32Q | D3: =Hoja1!D3 -> VB 3677 | E3: =IF(Hoja1!M3=2,Hoja1!E3,0) -> 0 | F3: =VLOOKUP(Hoja1!F3,Data!$D$1:$E$5004,2,0) -> Ixtapa Zihuatanejo | G3: =Hoja1!G3 -> 1 | H3: =Hoja1!H3 -> 132A | I3: =Hoja1!I3 -> VB 7382 | J3: =VLOOKUP(Hoja1!J3,Data!$G$1:$H$505,2,0) -> Monterrey | K3: =IF(Hoja1!M3=2,Hoja1!K3,0) -> 0 | L3: =IF(Hoja1!M3=2,Hoja1!L3:$N3,0) -> 0 | M3: =IF(A3>0,1,0) -> 0 | N3: =IF(M3=0,"",M3) | O3: =IF(N3="","",MAX(O$1:O2)+1)
A4: =IF(Hoja1!M4=2,Hoja1!A4,0) -> 0 | B4: =VLOOKUP(Hoja1!B4,Data!$A$1:$B$504,2,0) -> Viva | C4: =Hoja1!C4 -> 32A | D4: =Hoja1!D4 -> VB 7370 | E4: =IF(Hoja1!M4=2,Hoja1!E4,0) -> 0 | F4: =VLOOKUP(Hoja1!F4,Data!$D$1:$E$5004,2,0) -> La Paz | G4: =Hoja1!G4 -> 1 | H4: =Hoja1!H4 -> 107A | I4: =Hoja1!I4 -> VB 9222 | J4: =VLOOKUP(Hoja1!J4,Data!$G$1:$H$505,2,0) -> Puerto Escondido | K4: =IF(Hoja1!M4=2,Hoja1!K4,0) -> 0 | L4: =IF(Hoja1!M4=2,Hoja1!L4:$N4,0) -> 0 | M4: =IF(A4>0,1,0) -> 0 | N4: =IF(M4=0,"",M4) | O4: =IF(N4="","",MAX(O$1:O3)+1)
A5: =IF(Hoja1!M5=2,Hoja1!A5,0) -> 0 | B5: =VLOOKUP(Hoja1!B5,Data!$A$1:$B$504,2,0) -> Aerus | C5: =Hoja1!C5 -> CNF | D5: =Hoja1!D5 -> ZV 361 | E5: =IF(Hoja1!M5=2,Hoja1!E5,0) -> 0 | F5: =VLOOKUP(Hoja1!F5,Data!$D$1:$E$5004,2,0) -> Ciudad Victoria | G5: =Hoja1!G5 -> 1 | H5: =Hoja1!H5 -> 501 | I5: =Hoja1!I5 -> ZV 364 | J5: =VLOOKUP(Hoja1!J5,Data!$G$1:$H$505,2,0) -> Ciudad Victoria | K5: =IF(Hoja1!M5=2,Hoja1!K5,0) -> 0 | L5: =IF(Hoja1!M5=2,Hoja1!L5:$N5,0) -> 0 | M5: =IF(A5>0,1,0) -> 0 | N5: =IF(M5=0,"",M5) | O5: =IF(N5="","",MAX(O$1:O4)+1)
A6: =IF(Hoja1!M6=2,Hoja1!A6,0) -> 0 | B6: =VLOOKUP(Hoja1!B6,Data!$A$1:$B$504,2,0) -> Viva | C6: =Hoja1!C6 -> 32A | D6: =Hoja1!D6 -> VB 7435 | E6: =IF(Hoja1!M6=2,Hoja1!E6,0) -> 0 | F6: =VLOOKUP(Hoja1!F6,Data!$D$1:$E$5004,2,0) -> Veracruz | G6: =Hoja1!G6 -> 2 | H6: =Hoja1!H6 -> 505 | I6: =Hoja1!I6 -> VB 9480 | J6: =VLOOKUP(Hoja1!J6,Data!$G$1:$H$505,2,0) -> Ciudad Obregón | K6: =IF(Hoja1!M6=2,Hoja1!K6,0) -> 0 | L6: =IF(Hoja1!M6=2,Hoja1!L6:$N6,0) -> 0 | M6: =IF(A6>0,1,0) -> 0 | N6: =IF(M6=0,"",M6) | O6: =IF(N6="","",MAX(O$1:O5)+1)
A7: =IF(Hoja1!M7=2,Hoja1!A7,0) -> 0 | B7: =VLOOKUP(Hoja1!B7,Data!$A$1:$B$504,2,0) -> Volaris | C7: =Hoja1!C7 -> 320 | D7: =Hoja1!D7 -> Y4 7171 | E7: =IF(Hoja1!M7=2,Hoja1!E7,0) -> 0 | F7: =VLOOKUP(Hoja1!F7,Data!$D$1:$E$5004,2,0) -> La Paz | G7: =Hoja1!G7 -> 1 | H7: =Hoja1!H7 -> 109B | I7: =Hoja1!I7 -> Y4 1291 | J7: =VLOOKUP(Hoja1!J7,Data!$G$1:$H$505,2,0) -> Guadalajara | K7: =IF(Hoja1!M7=2,Hoja1!K7,0) -> 0 | L7: =IF(Hoja1!M7=2,Hoja1!L7:$N7,0) -> 0 | M7: =IF(A7>0,1,0) -> 0 | N7: =IF(M7=0,"",M7) | O7: =IF(N7="","",MAX(O$1:O6)+1)
A8: =IF(Hoja1!M8=2,Hoja1!A8,0) -> 0 | B8: =VLOOKUP(Hoja1!B8,Data!$A$1:$B$504,2,0) -> Volaris | C8: =Hoja1!C8 -> 32N | D8: =Hoja1!D8 -> Y4 1292 | E8: =IF(Hoja1!M8=2,Hoja1!E8,0) -> 0 | F8: =VLOOKUP(Hoja1!F8,Data!$D$1:$E$5004,2,0) -> Guadalajara | G8: =Hoja1!G8 -> 1 | H8: =Hoja1!H8 -> 109A | I8: =Hoja1!I8 -> Y4 3960 | J8: =VLOOKUP(Hoja1!J8,Data!$G$1:$H$505,2,0) -> Bogotá | K8: =IF(Hoja1!M8=2,Hoja1!K8,0) -> 0 | L8: =IF(Hoja1!M8=2,Hoja1!L8:$N8,0) -> 0 | M8: =IF(A8>0,1,0) -> 0 | N8: =IF(M8=0,"",M8) | O8: =IF(N8="","",MAX(O$1:O7)+1)
A9: =IF(Hoja1!M9=2,Hoja1!A9,0) -> 0 | B9: =VLOOKUP(Hoja1!B9,Data!$A$1:$B$504,2,0) -> Aeromexico | C9: =Hoja1!C9 -> E90 | D9: =Hoja1!D9 -> AM 871 | E9: =IF(Hoja1!M9=2,Hoja1!E9,0) -> 0 | F9: =VLOOKUP(Hoja1!F9,Data!$D$1:$E$5004,2,0) -> Veracruz | G9: =Hoja1!G9 -> --- | H9: =Hoja1!H9 -> 111A | I9: =Hoja1!I9 -> AM 880 | J9: =VLOOKUP(Hoja1!J9,Data!$G$1:$H$505,2,0) -> Puerto Vallarta | K9: =IF(Hoja1!M9=2,Hoja1!K9,0) -> 0 | L9: =IF(Hoja1!M9=2,Hoja1!L9:$N9,0) -> 0 | M9: =IF(A9>0,1,0) -> 0 | N9: =IF(M9=0,"",M9) | O9: =IF(N9="","",MAX(O$1:O8)+1)
A10: =IF(Hoja1!M10=2,Hoja1!A10,0) -> 0 | B10: =VLOOKUP(Hoja1!B10,Data!$A$1:$B$504,2,0) -> Viva | C10: =Hoja1!C10 -> 32N | D10: =Hoja1!D10 -> VB 9233 | E10: =IF(Hoja1!M10=2,Hoja1!E10,0) -> 0 | F10: =VLOOKUP(Hoja1!F10,Data!$D$1:$E$5004,2,0) -> Mazatlán | G10: =Hoja1!G10 -> 1 | H10: =Hoja1!H10 -> 503 | I10: =Hoja1!I10 -> VB 5069 | J10: =VLOOKUP(Hoja1!J10,Data!$G$1:$H$505,2,0) -> Tijuana | K10: =IF(Hoja1!M10=2,Hoja1!K10,0) -> 0 | L10: =IF(Hoja1!M10=2,Hoja1!L10:$N10,0) -> 0 | M10: =IF(A10>0,1,0) -> 0 | N10: =IF(M10=0,"",M10) | O10: =IF(N10="","",MAX(O$1:O9)+1)
A11: =IF(Hoja1!M11=2,Hoja1!A11,0) -> 0 | B11: =VLOOKUP(Hoja1!B11,Data!$A$1:$B$504,2,0) -> Mexicana de Aviación | C11: =Hoja1!C11 -> 295 | D11: =Hoja1!D11 -> XN 1107 | E11: =IF(Hoja1!M11=2,Hoja1!E11,0) -> 0 | F11: =VLOOKUP(Hoja1!F11,Data!$D$1:$E$5004,2,0) -> Monterrey | G11: =Hoja1!G11 -> 3 | H11: =Hoja1!H11 -> 112B | I11: =Hoja1!I11 -> XN 1100 | J11: =VLOOKUP(Hoja1!J11,Data!$G$1:$H$505,2,0) -> Monterrey | K11: =IF(Hoja1!M11=2,Hoja1!K11,0) -> 0 | L11: =IF(Hoja1!M11=2,Hoja1!L11:$N11,0) -> 0 | M11: =IF(A11>0,1,0) -> 0 | N11: =IF(M11=0,"",M11) | O11: =IF(N11="","",MAX(O$1:O10)+1)
A12: =IF(Hoja1!M12=2,Hoja1!A12,0) -> 0 | B12: =VLOOKUP(Hoja1!B12,Data!$A$1:$B$504,2,0) -> Mexicana de Aviación | C12: =Hoja1!C12 -> 295 | D12: =Hoja1!D12 -> XN 1437 | E12: =IF(Hoja1!M12=2,Hoja1!E12,0) -> 0 | F12: =VLOOKUP(Hoja1!F12,Data!$D$1:$E$5004,2,0) -> Guadalajara | G12: =Hoja1!G12 -> 3 | H12: =Hoja1!H12 -> 108A | I12: =Hoja1!I12 -> XN 1760 | J12: =VLOOKUP(Hoja1!J12,Data!$G$1:$H$505,2,0) -> Mérida | K12: =IF(Hoja1!M12=2,Hoja1!K12,0) -> 0 | L12: =IF(Hoja1!M12=2,Hoja1!L12:$N12,0) -> 0 | M12: =IF(A12>0,1,0) -> 0 | N12: =IF(M12=0,"",M12) | O12: =IF(N12="","",MAX(O$1:O11)+1)
A13: =IF(Hoja1!M13=2,Hoja1!A13,0) -> 0 | B13: =VLOOKUP(Hoja1!B13,Data!$A$1:$B$504,2,0) -> Viva | C13: =Hoja1!C13 -> 321 | D13: =Hoja1!D13 -> VB 2288 | E13: =IF(Hoja1!M13=2,Hoja1!E13,0) -> 0 | F13: =VLOOKUP(Hoja1!F13,Data!$D$1:$E$5004,2,0) -> Cancún | G13: =Hoja1!G13 -> 2 | H13: =Hoja1!H13 -> 502 | I13: =Hoja1!I13 -> VB 2281 | J13: =VLOOKUP(Hoja1!J13,Data!$G$1:$H$505,2,0) -> Cancún | K13: =IF(Hoja1!M13=2,Hoja1!K13,0) -> 0 | L13: =IF(Hoja1!M13=2,Hoja1!L13:$N13,0) -> 0 | M13: =IF(A13>0,1,0) -> 0 | N13: =IF(M13=0,"",M13) | O13: =IF(N13="","",MAX(O$1:O12)+1)
... A345: =IF(Hoja1!M345=2,Hoja1!A345,0) -> 0 | B345: =VLOOKUP(Hoja1!B345,Data!$A$1:$B$504,2,0) -> #N/A | C345: =Hoja1!C345 -> 0 | D345: =Hoja1!D345 -> 0 | E345: =IF(Hoja1!M345=2,Hoja1!E345,0) -> 0 | F345: =VLOOKUP(Hoja1!F345,Data!$D$1:$E$5004,2,0) -> #N/A | G345: =Hoja1!G345 -> 0 | H345: =Hoja1!H345 -> 0 | I345: =Hoja1!I345 -> 0 | J345: =VLOOKUP(Hoja1!J345,Data!$G$1:$H$505,2,0) -> #N/A | K345: =IF(Hoja1!M345=2,Hoja1!K345,0) -> 0 | L345: =IF(Hoja1!M345=2,Hoja1!L345:$N345,0) -> 0 | M345: =IF(A345>0,1,0) -> 0 | N345: =IF(M345=0,"",M345) | O345: =IF(N345="","",MAX(O$1:O344)+1)

Sheet Time Chart
A1: Code | B1: start | C1: End
A2: 1 | B2: 0 | C2: 0.040972222 | D2: 00:00 A 00:59
A3: 2 | B3: 0.041666667 | C3: 0.082638889 | D3: 01:00 A 01:59
A4: 3 | B4: 0.083333333 | C4: 0.12430556 | D4: 02:00 A 02:59
A5: 4 | B5: 0.125 | C5: 0.16597222 | D5: 03:00 A 03:59
A6: 5 | B6: 0.16666667 | C6: 0.20763889 | D6: 04:00 A 04:59
A7: 6 | B7: 0.20833333 | C7: 0.24930556 | D7: 05:00 A 05:59
A8: 7 | B8: 0.25 | C8: 0.29097222 | D8: 06:00 A 06:59
A9: 8 | B9: 0.29166667 | C9: 0.33263889 | D9: 07:00 A 07:59
A10: 9 | B10: 0.33333333 | C10: 0.37430556 | D10: 08:00 A 08:59
A11: 10 | B11: 0.375 | C11: 0.41597222 | D11: 09:00 A 09:59
A12: 11 | B12: 0.41666667 | C12: 0.45763889 | D12: 10:00 A 10:59
A13: 12 | B13: 0.45833333 | C13: 0.49930556 | D13: 11:00 A 11:59
... A25: 24 | B25: 0.95833333 | C25: 0.99930556 | D25: 23:00 A 23:59

Sheet SET
A1: Num | B1: Airline | C1: Date and Time | D1: Date | E1: Type | F1: Time frame | G1: Time Code | H1: ruta | I1: Oirigen | J1: destino | K1: llegada/salida
A2: 1 | B2: =VLOOKUP('Ctrl+V'!B2,Data!$A$1:$B$200,2,0) -> MasAir | C2: ='Ctrl+V'!D2 -> M7 6412 | D2: ='Ctrl+V'!D2 -> M7 6412 | E2: ='Ctrl+V'!H2 -> 606 | F2: =ROUNDDOWN(HOUR(C2),1)+1 -> #VALUE! | G2: =VLOOKUP(F2,'Time Chart'!$A$1:$D$25,4,0) -> #VALUE! | H2: ='Ctrl+V'!E2 -> 46055.729 | I2: {=IFERROR(VLOOKUP('Ctrl+V'!E2:E94,Data!D1:E189,2,0), "Santa Lucia")} -> Santa Lucia | J2: {=IFERROR(VLOOKUP('Ctrl+V'!E2:E94,Data!G1:H189,2,0),"Santa Lucia")} -> Santa Lucia | K2: =IF(J2="Santa Lucia","Llegada","Salida") -> Llegada
A3: 2 | B3: =VLOOKUP('Ctrl+V'!B3,Data!$A$1:$B$200,2,0) -> Viva | C3: ='Ctrl+V'!D3 -> VB 9297 | D3: ='Ctrl+V'!D3 -> VB 9297 | E3: ='Ctrl+V'!H3 -> 501 | F3: =ROUNDDOWN(HOUR(C3),1)+1 -> #VALUE! | G3: =VLOOKUP(F3,'Time Chart'!$A$1:$D$25,4,0) -> #VALUE! | H3: ='Ctrl+V'!E3 -> 46055.809 | I3: Santa Lucia | J3: Santa Lucia | K3: =IF(J3="Santa Lucia","Llegada","Salida") -> Llegada
A4: 3 | B4: =VLOOKUP('Ctrl+V'!B4,Data!$A$1:$B$200,2,0) -> Volaris | C4: ='Ctrl+V'!D4 -> Y4 1292 | D4: ='Ctrl+V'!D4 -> Y4 1292 | E4: J | F4: =ROUNDDOWN(HOUR(C4),1)+1 -> #VALUE! | G4: =VLOOKUP(F4,'Time Chart'!$A$1:$D$25,4,0) -> #VALUE! | H4: ='Ctrl+V'!E4 -> 46055.853 | I4: Santa Lucia | J4: Santa Lucia | K4: =IF(J4="Santa Lucia","Llegada","Salida") -> Llegada
A5: 4 | B5: =VLOOKUP('Ctrl+V'!B5,Data!$A$1:$B$200,2,0) -> Mexicana de Aviación | C5: ='Ctrl+V'!D5 -> XN 1265 | D5: ='Ctrl+V'!D5 -> XN 1265 | E5: J | F5: =ROUNDDOWN(HOUR(C5),1)+1 -> #VALUE! | G5: =VLOOKUP(F5,'Time Chart'!$A$1:$D$25,4,0) -> #VALUE! | H5: ='Ctrl+V'!E5 -> 46055.858 | I5: Santa Lucia | J5: Santa Lucia | K5: =IF(J5="Santa Lucia","Llegada","Salida") -> Llegada
A6: 5 | B6: =VLOOKUP('Ctrl+V'!B6,Data!$A$1:$B$200,2,0) -> China Southerrn | C6: ='Ctrl+V'!D6 -> CZ 2523 | D6: ='Ctrl+V'!D6 -> CZ 2523 | E6: ='Ctrl+V'!H6 -> 608 | F6: =ROUNDDOWN(HOUR(C6),1)+1 -> #VALUE! | G6: =VLOOKUP(F6,'Time Chart'!$A$1:$D$25,4,0) -> #VALUE! | H6: ='Ctrl+V'!E6 -> 46055.896 | I6: Santa Lucia | J6: Santa Lucia | K6: =IF(J6="Santa Lucia","Llegada","Salida") -> Llegada
A7: 6 | B7: =VLOOKUP('Ctrl+V'!B7,Data!$A$1:$B$200,2,0) -> Volaris | C7: ='Ctrl+V'!D7 -> Y4 7111 | D7: ='Ctrl+V'!D7 -> Y4 7111 | E7: J | F7: =ROUNDDOWN(HOUR(C7),1)+1 -> #VALUE! | G7: =VLOOKUP(F7,'Time Chart'!$A$1:$D$25,4,0) -> #VALUE! | H7: ='Ctrl+V'!E7 -> 46055.912 | I7: Santa Lucia | J7: Santa Lucia | K7: =IF(J7="Santa Lucia","Llegada","Salida") -> Llegada
A8: 7 | B8: =VLOOKUP('Ctrl+V'!B8,Data!$A$1:$B$200,2,0) -> Viva | C8: ='Ctrl+V'!D8 -> VB 9523 | D8: ='Ctrl+V'!D8 -> VB 9523 | E8: J | F8: =ROUNDDOWN(HOUR(C8),1)+1 -> #VALUE! | G8: =VLOOKUP(F8,'Time Chart'!$A$1:$D$25,4,0) -> #VALUE! | H8: ='Ctrl+V'!E8 -> 46055.924 | I8: Santa Lucia | J8: Santa Lucia | K8: =IF(J8="Santa Lucia","Llegada","Salida") -> Llegada
A9: 8 | B9: =VLOOKUP('Ctrl+V'!B9,Data!$A$1:$B$200,2,0) -> Mexicana de Aviación | C9: ='Ctrl+V'!D9 -> XN 1107 | D9: ='Ctrl+V'!D9 -> XN 1107 | E9: ='Ctrl+V'!H9 -> 108A | F9: =ROUNDDOWN(HOUR(C9),1)+1 -> #VALUE! | G9: =VLOOKUP(F9,'Time Chart'!$A$1:$D$25,4,0) -> #VALUE! | H9: ='Ctrl+V'!E9 -> 46055.955 | I9: Santa Lucia | J9: Santa Lucia | K9: =IF(J9="Santa Lucia","Llegada","Salida") -> Llegada
A10: 9 | B10: =VLOOKUP('Ctrl+V'!B10,Data!$A$1:$B$200,2,0) -> Mexicana de Aviación | C10: ='Ctrl+V'!D10 -> XN 1437 | D10: ='Ctrl+V'!D10 -> XN 1437 | E10: J | F10: =ROUNDDOWN(HOUR(C10),1)+1 -> #VALUE! | G10: =VLOOKUP(F10,'Time Chart'!$A$1:$D$25,4,0) -> #VALUE! | H10: ='Ctrl+V'!E10 -> 46055.958 | I10: Santa Lucia | J10: Santa Lucia | K10: =IF(J10="Santa Lucia","Llegada","Salida") -> Llegada
A11: 10 | B11: =VLOOKUP('Ctrl+V'!B11,Data!$A$1:$B$200,2,0) -> Viva | C11: ='Ctrl+V'!D11 -> VB 9497 | D11: ='Ctrl+V'!D11 -> VB 9497 | E11: J | F11: =ROUNDDOWN(HOUR(C11),1)+1 -> #VALUE! | G11: =VLOOKUP(F11,'Time Chart'!$A$1:$D$25,4,0) -> #VALUE! | H11: ='Ctrl+V'!E11 -> 46055.972 | I11: Santa Lucia | J11: Santa Lucia | K11: =IF(J11="Santa Lucia","Llegada","Salida") -> Llegada
A12: 11 | B12: =VLOOKUP('Ctrl+V'!B12,Data!$A$1:$B$200,2,0) -> Viva | C12: ='Ctrl+V'!D12 -> VB 9411 | D12: ='Ctrl+V'!D12 -> VB 9411 | E12: ='Ctrl+V'!H12 -> 106A | F12: =ROUNDDOWN(HOUR(C12),1)+1 -> #VALUE! | G12: =VLOOKUP(F12,'Time Chart'!$A$1:$D$25,4,0) -> #VALUE! | H12: ='Ctrl+V'!E12 -> 46055.986 | I12: Santa Lucia | J12: Santa Lucia | K12: =IF(J12="Santa Lucia","Llegada","Salida") -> Llegada
A13: 12 | B13: =VLOOKUP('Ctrl+V'!B13,Data!$A$1:$B$200,2,0) -> Viva | C13: ='Ctrl+V'!D13 -> VB 2288 | D13: ='Ctrl+V'!D13 -> VB 2288 | E13: J | F13: =ROUNDDOWN(HOUR(C13),1)+1 -> #VALUE! | G13: =VLOOKUP(F13,'Time Chart'!$A$1:$D$25,4,0) -> #VALUE! | H13: ='Ctrl+V'!E13 -> 46055.993 | I13: Santa Lucia | J13: Santa Lucia | K13: =IF(J13="Santa Lucia","Llegada","Salida") -> Llegada
A14: 13 | B14: =VLOOKUP('Ctrl+V'!B14,Data!$A$1:$B$200,2,0) -> Cargolux | C14: ='Ctrl+V'!D14 -> CV 5162 | D14: ='Ctrl+V'!D14 -> CV 5162 | E14: ='Ctrl+V'!H14 -> 609 | F14: =ROUNDDOWN(HOUR(C14),1)+1 -> #VALUE! | G14: =VLOOKUP(F14,'Time Chart'!$A$1:$D$25,4,0) -> #VALUE! | H14: ='Ctrl+V'!E14 -> 46056.014 | I14: Santa Lucia | J14: Santa Lucia | K14: =IF(J14="Santa Lucia","Llegada","Salida") -> Llegada
A15: 14 | B15: =VLOOKUP('Ctrl+V'!B15,Data!$A$1:$B$200,2,0) -> Viva | C15: ='Ctrl+V'!D15 -> VB 9305 | D15: ='Ctrl+V'!D15 -> VB 9305 | E15: ='Ctrl+V'!H15 -> 107A | F15: =ROUNDDOWN(HOUR(C15),1)+1 -> #VALUE! | G15: =VLOOKUP(F15,'Time Chart'!$A$1:$D$25,4,0) -> #VALUE! | H15: ='Ctrl+V'!E15 -> 46056.014 | I15: Santa Lucia | J15: Santa Lucia | K15: =IF(J15="Santa Lucia","Llegada","Salida") -> Llegada
A16: 15 | B16: =VLOOKUP('Ctrl+V'!B16,Data!$A$1:$B$200,2,0) -> Viva | C16: ='Ctrl+V'!D16 -> VB 9405 | D16: ='Ctrl+V'!D16 -> VB 9405 | E16: J | F16: =ROUNDDOWN(HOUR(C16),1)+1 -> #VALUE! | G16: =VLOOKUP(F16,'Time Chart'!$A$1:$D$25,4,0) -> #VALUE! | H16: ='Ctrl+V'!E16 -> 46056.017 | I16: Santa Lucia | J16: Santa Lucia | K16: =IF(J16="Santa Lucia","Llegada","Salida") -> Llegada
A17: 16 | B17: =VLOOKUP('Ctrl+V'!B17,Data!$A$1:$B$200,2,0) -> Air Canada | C17: ='Ctrl+V'!D17 -> AC 7248 | D17: ='Ctrl+V'!D17 -> AC 7248 | E17: J | F17: =ROUNDDOWN(HOUR(C17),1)+1 -> #VALUE! | G17: =VLOOKUP(F17,'Time Chart'!$A$1:$D$25,4,0) -> #VALUE! | H17: ='Ctrl+V'!E17 -> 46056.194 | I17: Santa Lucia | J17: Santa Lucia | K17: =IF(J17="Santa Lucia","Llegada","Salida") -> Llegada
A18: 17 | B18: =VLOOKUP('Ctrl+V'!B18,Data!$A$1:$B$200,2,0) -> Viva | C18: ='Ctrl+V'!D18 -> VB 771 | D18: ='Ctrl+V'!D18 -> VB 771 | E18: J | F18: =ROUNDDOWN(HOUR(C18),1)+1 -> #VALUE! | G18: =VLOOKUP(F18,'Time Chart'!$A$1:$D$25,4,0) -> #VALUE! | H18: ='Ctrl+V'!E18 -> 46056.219 | I18: Santa Lucia | J18: Santa Lucia | K18: =IF(J18="Santa Lucia","Llegada","Salida") -> Llegada
A19: 18 | B19: =VLOOKUP('Ctrl+V'!B19,Data!$A$1:$B$200,2,0) -> Mexicana de Aviación | C19: ='Ctrl+V'!D19 -> XN 1205 | D19: ='Ctrl+V'!D19 -> XN 1205 | E19: J | F19: =ROUNDDOWN(HOUR(C19),1)+1 -> #VALUE! | G19: =VLOOKUP(F19,'Time Chart'!$A$1:$D$25,4,0) -> #VALUE! | H19: ='Ctrl+V'!E19 -> 46056.229 | I19: Santa Lucia | J19: Santa Lucia | K19: =IF(J19="Santa Lucia","Llegada","Salida") -> Llegada
A20: 19 | B20: =VLOOKUP('Ctrl+V'!B20,Data!$A$1:$B$200,2,0) -> Awesome Cargo | C20: ='Ctrl+V'!D20 -> A7 916 | D20: ='Ctrl+V'!D20 -> A7 916 | E20: J | F20: =ROUNDDOWN(HOUR(C20),1)+1 -> #VALUE! | G20: =VLOOKUP(F20,'Time Chart'!$A$1:$D$25,4,0) -> #VALUE! | H20: ='Ctrl+V'!E20 -> 46056.247 | I20: Santa Lucia | J20: Santa Lucia | K20: =IF(J20="Santa Lucia","Llegada","Salida") -> Llegada
A21: 20 | B21: =VLOOKUP('Ctrl+V'!B21,Data!$A$1:$B$200,2,0) -> La Nueva Aerolinea | C21: ='Ctrl+V'!D21 -> WH 902 | D21: ='Ctrl+V'!D21 -> WH 902 | E21: ='Ctrl+V'!H21 -> 605B | F21: =ROUNDDOWN(HOUR(C21),1)+1 -> #VALUE! | G21: =VLOOKUP(F21,'Time Chart'!$A$1:$D$25,4,0) -> #VALUE! | H21: ='Ctrl+V'!E21 -> 46056.25 | I21: Santa Lucia | J21: Santa Lucia | K21: =IF(J21="Santa Lucia","Llegada","Salida") -> Llegada
A22: 21 | B22: =VLOOKUP('Ctrl+V'!#REF!,Data!$A$1:$B$200,2,0) -> #REF! | C22: ='Ctrl+V'!#REF! -> #REF! | D22: ='Ctrl+V'!#REF! -> #REF! | E22: J | F22: =ROUNDDOWN(HOUR(C22),1)+1 -> #REF! | G22: =VLOOKUP(F22,'Time Chart'!$A$1:$D$25,4,0) -> #REF! | H22: ='Ctrl+V'!#REF! -> #REF! | I22: Santa Lucia | J22: Santa Lucia | K22: =IF(J22="Santa Lucia","Llegada","Salida") -> Llegada
A23: 22 | B23: =VLOOKUP('Ctrl+V'!#REF!,Data!$A$1:$B$200,2,0) -> #REF! | C23: ='Ctrl+V'!#REF! -> #REF! | D23: ='Ctrl+V'!#REF! -> #REF! | E23: ='Ctrl+V'!#REF! -> #REF! | F23: =ROUNDDOWN(HOUR(C23),1)+1 -> #REF! | G23: =VLOOKUP(F23,'Time Chart'!$A$1:$D$25,4,0) -> #REF! | H23: ='Ctrl+V'!#REF! -> #REF! | I23: Santa Lucia | J23: Santa Lucia | K23: =IF(J23="Santa Lucia","Llegada","Salida") -> Llegada
A24: 23 | B24: =VLOOKUP('Ctrl+V'!B22,Data!$A$1:$B$200,2,0) -> MasAir | C24: ='Ctrl+V'!D22 -> M7 3228 | D24: ='Ctrl+V'!D22 -> M7 3228 | E24: J | F24: =ROUNDDOWN(HOUR(C24),1)+1 -> #VALUE! | G24: =VLOOKUP(F24,'Time Chart'!$A$1:$D$25,4,0) -> #VALUE! | H24: ='Ctrl+V'!E22 -> 46056.299 | I24: Santa Lucia | J24: Santa Lucia | K24: =IF(J24="Santa Lucia","Llegada","Salida") -> Llegada
A25: 24 | B25: =VLOOKUP('Ctrl+V'!B23,Data!$A$1:$B$200,2,0) -> United Parcel Service | C25: ='Ctrl+V'!D23 -> 5X 320 | D25: ='Ctrl+V'!D23 -> 5X 320 | E25: J | F25: =ROUNDDOWN(HOUR(C25),1)+1 -> #VALUE! | G25: =VLOOKUP(F25,'Time Chart'!$A$1:$D$25,4,0) -> #VALUE! | H25: ='Ctrl+V'!E23 -> 46056.302 | I25: Santa Lucia | J25: Santa Lucia | K25: =IF(J25="Santa Lucia","Llegada","Salida") -> Llegada
A26: 25 | B26: =VLOOKUP('Ctrl+V'!B24,Data!$A$1:$B$200,2,0) -> Viva | C26: ='Ctrl+V'!D24 -> VB 7240 | D26: ='Ctrl+V'!D24 -> VB 7240 | E26: ='Ctrl+V'!H24 -> 106B | F26: =ROUNDDOWN(HOUR(C26),1)+1 -> #VALUE! | G26: =VLOOKUP(F26,'Time Chart'!$A$1:$D$25,4,0) -> #VALUE! | H26: ='Ctrl+V'!E24 -> 46056.302 | I26: Santa Lucia | J26: Santa Lucia | K26: =IF(J26="Santa Lucia","Llegada","Salida") -> Llegada
A27: 26 | B27: =VLOOKUP('Ctrl+V'!B25,Data!$A$1:$B$200,2,0) -> Viva | C27: ='Ctrl+V'!D25 -> VB 2272 | D27: ='Ctrl+V'!D25 -> VB 2272 | E27: J | F27: =ROUNDDOWN(HOUR(C27),1)+1 -> #VALUE! | G27: =VLOOKUP(F27,'Time Chart'!$A$1:$D$25,4,0) -> #VALUE! | H27: ='Ctrl+V'!E25 -> 46056.312 | I27: Santa Lucia | J27: Santa Lucia | K27: =IF(J27="Santa Lucia","Llegada","Salida") -> Llegada
A28: 27 | B28: =VLOOKUP('Ctrl+V'!B26,Data!$A$1:$B$200,2,0) -> Viva | C28: ='Ctrl+V'!D26 -> VB 7344 | D28: ='Ctrl+V'!D26 -> VB 7344 | E28: ='Ctrl+V'!H26 -> 502 | F28: =ROUNDDOWN(HOUR(C28),1)+1 -> #VALUE! | G28: =VLOOKUP(F28,'Time Chart'!$A$1:$D$25,4,0) -> #VALUE! | H28: ='Ctrl+V'!E26 -> 46056.312 | I28: Santa Lucia | J28: Santa Lucia | K28: =IF(J28="Santa Lucia","Llegada","Salida") -> Llegada
A29: 28 | B29: =VLOOKUP('Ctrl+V'!B27,Data!$A$1:$B$200,2,0) -> Aerus | C29: ='Ctrl+V'!D27 -> ZV 341 | D29: ='Ctrl+V'!D27 -> ZV 341 | E29: J | F29: =ROUNDDOWN(HOUR(C29),1)+1 -> #VALUE! | G29: =VLOOKUP(F29,'Time Chart'!$A$1:$D$25,4,0) -> #VALUE! | H29: ='Ctrl+V'!E27 -> 46056.312 | I29: Santa Lucia | J29: Santa Lucia | K29: =IF(J29="Santa Lucia","Llegada","Salida") -> Llegada
A30: 29 | B30: =VLOOKUP('Ctrl+V'!B28,Data!$A$1:$B$200,2,0) -> Aeromexico | C30: ='Ctrl+V'!D28 -> AM 287 | D30: ='Ctrl+V'!D28 -> AM 287 | E30: J | F30: =ROUNDDOWN(HOUR(C30),1)+1 -> #VALUE! | G30: =VLOOKUP(F30,'Time Chart'!$A$1:$D$25,4,0) -> #VALUE! | H30: ='Ctrl+V'!E28 -> 46056.316 | I30: Santa Lucia | J30: Santa Lucia | K30: =IF(J30="Santa Lucia","Llegada","Salida") -> Llegada
A31: 30 | B31: =VLOOKUP('Ctrl+V'!B29,Data!$A$1:$B$200,2,0) -> Viva | C31: ='Ctrl+V'!D29 -> VB 7332 | D31: ='Ctrl+V'!D29 -> VB 7332 | E31: J | F31: =ROUNDDOWN(HOUR(C31),1)+1 -> #VALUE! | G31: =VLOOKUP(F31,'Time Chart'!$A$1:$D$25,4,0) -> #VALUE! | H31: ='Ctrl+V'!E29 -> 46056.316 | I31: Santa Lucia | J31: Santa Lucia | K31: =IF(J31="Santa Lucia","Llegada","Salida") -> Llegada
A32: 31 | B32: =VLOOKUP('Ctrl+V'!B30,Data!$A$1:$B$200,2,0) -> Awesome Cargo | C32: ='Ctrl+V'!D30 -> A7 902 | D32: ='Ctrl+V'!D30 -> A7 902 | E32: J | F32: =ROUNDDOWN(HOUR(C32),1)+1 -> #VALUE! | G32: =VLOOKUP(F32,'Time Chart'!$A$1:$D$25,4,0) -> #VALUE! | H32: ='Ctrl+V'!E30 -> 46056.319 | I32: Santa Lucia | J32: Santa Lucia | K32: =IF(J32="Santa Lucia","Llegada","Salida") -> Llegada
A33: 32 | B33: =VLOOKUP('Ctrl+V'!B31,Data!$A$1:$B$200,2,0) -> Aeromexico | C33: ='Ctrl+V'!D31 -> AM 871 | D33: ='Ctrl+V'!D31 -> AM 871 | E33: J | F33: =ROUNDDOWN(HOUR(C33),1)+1 -> #VALUE! | G33: =VLOOKUP(F33,'Time Chart'!$A$1:$D$25,4,0) -> #VALUE! | H33: ='Ctrl+V'!E31 -> 46056.322 | I33: Santa Lucia | J33: Santa Lucia | K33: =IF(J33="Santa Lucia","Llegada","Salida") -> Llegada
A34: 33 | B34: =VLOOKUP('Ctrl+V'!B32,Data!$A$1:$B$200,2,0) -> Viva | C34: ='Ctrl+V'!D32 -> VB 7350 | D34: ='Ctrl+V'!D32 -> VB 7350 | E34: J | F34: =ROUNDDOWN(HOUR(C34),1)+1 -> #VALUE! | G34: =VLOOKUP(F34,'Time Chart'!$A$1:$D$25,4,0) -> #VALUE! | H34: ='Ctrl+V'!E32 -> 46056.33 | I34: Santa Lucia | J34: Santa Lucia | K34: =IF(J34="Santa Lucia","Llegada","Salida") -> Llegada
A35: 34 | B35: =VLOOKUP('Ctrl+V'!B33,Data!$A$1:$B$200,2,0) -> MasAir | C35: ='Ctrl+V'!D33 -> M7 322 | D35: ='Ctrl+V'!D33 -> M7 322 | E35: J | F35: =ROUNDDOWN(HOUR(C35),1)+1 -> #VALUE! | G35: =VLOOKUP(F35,'Time Chart'!$A$1:$D$25,4,0) -> #VALUE! | H35: ='Ctrl+V'!E33 -> 46056.375 | I35: Santa Lucia | J35: Santa Lucia | K35: =IF(J35="Santa Lucia","Llegada","Salida") -> Llegada
A36: 35 | B36: =VLOOKUP('Ctrl+V'!B34,Data!$A$1:$B$200,2,0) -> Viva | C36: ='Ctrl+V'!D34 -> VB 9521 | D36: ='Ctrl+V'!D34 -> VB 9521 | E36: J | F36: =ROUNDDOWN(HOUR(C36),1)+1 -> #VALUE! | G36: =VLOOKUP(F36,'Time Chart'!$A$1:$D$25,4,0) -> #VALUE! | H36: ='Ctrl+V'!E34 -> 46056.385 | I36: Santa Lucia | J36: Santa Lucia | K36: =IF(J36="Santa Lucia","Llegada","Salida") -> Llegada
A37: 36 | B37: =VLOOKUP('Ctrl+V'!B35,Data!$A$1:$B$200,2,0) -> Mexicana de Aviación | C37: ='Ctrl+V'!D35 -> XN 1431 | D37: ='Ctrl+V'!D35 -> XN 1431 | E37: J | F37: =ROUNDDOWN(HOUR(C37),1)+1 -> #VALUE! | G37: =VLOOKUP(F37,'Time Chart'!$A$1:$D$25,4,0) -> #VALUE! | H37: ='Ctrl+V'!E35 -> 46056.396 | I37: Santa Lucia | J37: Santa Lucia | K37: =IF(J37="Santa Lucia","Llegada","Salida") -> Llegada
A38: 37 | B38: =VLOOKUP('Ctrl+V'!B36,Data!$A$1:$B$200,2,0) -> Mexicana de Aviación | C38: ='Ctrl+V'!D36 -> XN 1101 | D38: ='Ctrl+V'!D36 -> XN 1101 | E38: J | F38: =ROUNDDOWN(HOUR(C38),1)+1 -> #VALUE! | G38: =VLOOKUP(F38,'Time Chart'!$A$1:$D$25,4,0) -> #VALUE! | H38: ='Ctrl+V'!E36 -> 46056.403 | I38: Santa Lucia | J38: Santa Lucia | K38: =IF(J38="Santa Lucia","Llegada","Salida") -> Llegada
A39: 38 | B39: =VLOOKUP('Ctrl+V'!B37,Data!$A$1:$B$200,2,0) -> Volaris | C39: ='Ctrl+V'!D37 -> Y4 1290 | D39: ='Ctrl+V'!D37 -> Y4 1290 | E39: J | F39: =ROUNDDOWN(HOUR(C39),1)+1 -> #VALUE! | G39: =VLOOKUP(F39,'Time Chart'!$A$1:$D$25,4,0) -> #VALUE! | H39: ='Ctrl+V'!E37 -> 46056.405 | I39: Santa Lucia | J39: Santa Lucia | K39: =IF(J39="Santa Lucia","Llegada","Salida") -> Llegada
A40: 39 | B40: =VLOOKUP('Ctrl+V'!B38,Data!$A$1:$B$200,2,0) -> Cargojet Airways | C40: ='Ctrl+V'!D38 -> W8 952 | D40: ='Ctrl+V'!D38 -> W8 952 | E40: J | F40: =ROUNDDOWN(HOUR(C40),1)+1 -> #VALUE! | G40: =VLOOKUP(F40,'Time Chart'!$A$1:$D$25,4,0) -> #VALUE! | H40: ='Ctrl+V'!E38 -> 46056.406 | I40: Santa Lucia | J40: Santa Lucia | K40: =IF(J40="Santa Lucia","Llegada","Salida") -> Llegada
... A47: 46 | B47: =VLOOKUP('Ctrl+V'!B45,Data!$A$1:$B$200,2,0) -> Viva | C47: ='Ctrl+V'!D45 -> VB 7333 | D47: ='Ctrl+V'!D45 -> VB 7333 | E47: J | F47: =ROUNDDOWN(HOUR(C47),1)+1 -> #VALUE! | G47: =VLOOKUP(F47,'Time Chart'!$A$1:$D$25,4,0) -> #VALUE! | H47: ='Ctrl+V'!E45 -> 46056.49 | I47: Santa Lucia | J47: Santa Lucia | K47: =IF(J47="Santa Lucia","Llegada","Salida") -> Llegada
A48: 47 | B48: =VLOOKUP('Ctrl+V'!B46,Data!$A$1:$B$200,2,0) -> Cathay Pacific | C48: ='Ctrl+V'!D46 -> CX 3186 | D48: ='Ctrl+V'!D46 -> CX 3186 | E48: ='Ctrl+V'!H46 -> 609 | F48: =ROUNDDOWN(HOUR(C48),1)+1 -> #VALUE! | G48: =VLOOKUP(F48,'Time Chart'!$A$1:$D$25,4,0) -> #VALUE! | H48: ='Ctrl+V'!E46 -> 46056.493 | I48: Santa Lucia | J48: Santa Lucia | K48: =IF(J48="Santa Lucia","Llegada","Salida") -> Llegada
A49: 48 | B49: =VLOOKUP('Ctrl+V'!B47,Data!$A$1:$B$200,2,0) -> Aeromexico | C49: ='Ctrl+V'!D47 -> AM 591 | D49: ='Ctrl+V'!D47 -> AM 591 | E49: ='Ctrl+V'!H47 -> 110B | F49: =ROUNDDOWN(HOUR(C49),1)+1 -> #VALUE! | G49: =VLOOKUP(F49,'Time Chart'!$A$1:$D$25,4,0) -> #VALUE! | H49: ='Ctrl+V'!E47 -> 46056.497 | I49: Santa Lucia | J49: Santa Lucia | K49: =IF(J49="Santa Lucia","Llegada","Salida") -> Llegada
A50: 49 | B50: =VLOOKUP('Ctrl+V'!B48,Data!$A$1:$B$200,2,0) -> Viva | C50: ='Ctrl+V'!D48 -> VB 7416 | D50: ='Ctrl+V'!D48 -> VB 7416 | E50: J | F50: =ROUNDDOWN(HOUR(C50),1)+1 -> #VALUE! | G50: =VLOOKUP(F50,'Time Chart'!$A$1:$D$25,4,0) -> #VALUE! | H50: ='Ctrl+V'!E48 -> 46056.5 | I50: Santa Lucia | J50: Santa Lucia | K50: =IF(J50="Santa Lucia","Llegada","Salida") -> Llegada
A51: 50 | B51: =VLOOKUP('Ctrl+V'!B49,Data!$A$1:$B$200,2,0) -> Aerus | C51: ='Ctrl+V'!D49 -> ZV 363 | D51: ='Ctrl+V'!D49 -> ZV 363 | E51: ='Ctrl+V'!H49 -> 501 | F51: =ROUNDDOWN(HOUR(C51),1)+1 -> #VALUE! | G51: =VLOOKUP(F51,'Time Chart'!$A$1:$D$25,4,0) -> #VALUE! | H51: ='Ctrl+V'!E49 -> 46056.503 | I51: Santa Lucia | J51: Santa Lucia | K51: =IF(J51="Santa Lucia","Llegada","Salida") -> Llegada
A52: 51 | B52: =VLOOKUP('Ctrl+V'!B50,Data!$A$1:$B$200,2,0) -> Viva | C52: ='Ctrl+V'!D50 -> VB 9429 | D52: ='Ctrl+V'!D50 -> VB 9429 | E52: J | F52: =ROUNDDOWN(HOUR(C52),1)+1 -> #VALUE! | G52: =VLOOKUP(F52,'Time Chart'!$A$1:$D$25,4,0) -> #VALUE! | H52: ='Ctrl+V'!E50 -> 46056.507 | I52: Santa Lucia | J52: Santa Lucia | K52: =IF(J52="Santa Lucia","Llegada","Salida") -> Llegada
A53: 52 | B53: =VLOOKUP('Ctrl+V'!B51,Data!$A$1:$B$200,2,0) -> Viva | C53: ='Ctrl+V'!D51 -> VB 7351 | D53: ='Ctrl+V'!D51 -> VB 7351 | E53: J | F53: =ROUNDDOWN(HOUR(C53),1)+1 -> #VALUE! | G53: =VLOOKUP(F53,'Time Chart'!$A$1:$D$25,4,0) -> #VALUE! | H53: ='Ctrl+V'!E51 -> 46056.514 | I53: Santa Lucia | J53: Santa Lucia | K53: =IF(J53="Santa Lucia","Llegada","Salida") -> Llegada
A54: 53 | B54: =VLOOKUP('Ctrl+V'!B52,Data!$A$1:$B$200,2,0) -> Viva | C54: ='Ctrl+V'!D52 -> VB 9313 | D54: ='Ctrl+V'!D52 -> VB 9313 | E54: J | F54: =ROUNDDOWN(HOUR(C54),1)+1 -> #VALUE! | G54: =VLOOKUP(F54,'Time Chart'!$A$1:$D$25,4,0) -> #VALUE! | H54: ='Ctrl+V'!E52 -> 46056.531 | I54: Santa Lucia | J54: Santa Lucia | K54: =IF(J54="Santa Lucia","Llegada","Salida") -> Llegada
A55: 54 | B55: =VLOOKUP('Ctrl+V'!B53,Data!$A$1:$B$200,2,0) -> Viva | C55: ='Ctrl+V'!D53 -> VB 7241 | D55: ='Ctrl+V'!D53 -> VB 7241 | E55: J | F55: =ROUNDDOWN(HOUR(C55),1)+1 -> #VALUE! | G55: =VLOOKUP(F55,'Time Chart'!$A$1:$D$25,4,0) -> #VALUE! | H55: ='Ctrl+V'!E53 -> 46056.538 | I55: Santa Lucia | J55: Santa Lucia | K55: =IF(J55="Santa Lucia","Llegada","Salida") -> Llegada
A56: 55 | B56: =VLOOKUP('Ctrl+V'!B54,Data!$A$1:$B$200,2,0) -> Viva | C56: ='Ctrl+V'!D54 -> VB 843 | D56: ='Ctrl+V'!D54 -> VB 843 | E56: J | F56: =ROUNDDOWN(HOUR(C56),1)+1 -> #VALUE! | G56: =VLOOKUP(F56,'Time Chart'!$A$1:$D$25,4,0) -> #VALUE! | H56: ='Ctrl+V'!E54 -> 46056.538 | I56: Santa Lucia | J56: Santa Lucia | K56: =IF(J56="Santa Lucia","Llegada","Salida") -> Llegada
A57: 56 | B57: =VLOOKUP('Ctrl+V'!B55,Data!$A$1:$B$200,2,0) -> Conviasa | C57: ='Ctrl+V'!D55 -> V0 3726 | D57: ='Ctrl+V'!D55 -> V0 3726 | E57: J | F57: =ROUNDDOWN(HOUR(C57),1)+1 -> #VALUE! | G57: =VLOOKUP(F57,'Time Chart'!$A$1:$D$25,4,0) -> #VALUE! | H57: ='Ctrl+V'!E55 -> 46056.542 | I57: Santa Lucia | J57: Santa Lucia | K57: =IF(J57="Santa Lucia","Llegada","Salida") -> Llegada
A58: 57 | B58: =VLOOKUP('Ctrl+V'!B56,Data!$A$1:$B$200,2,0) -> AeroUnión | C58: ='Ctrl+V'!D56 -> 6R 4256 | D58: ='Ctrl+V'!D56 -> 6R 4256 | E58: J | F58: =ROUNDDOWN(HOUR(C58),1)+1 -> #VALUE! | G58: =VLOOKUP(F58,'Time Chart'!$A$1:$D$25,4,0) -> #VALUE! | H58: ='Ctrl+V'!E56 -> 46056.542 | I58: Santa Lucia | J58: Santa Lucia | K58: =IF(J58="Santa Lucia","Llegada","Salida") -> Llegada
A59: 58 | B59: =VLOOKUP('Ctrl+V'!B57,Data!$A$1:$B$200,2,0) -> Viva | C59: ='Ctrl+V'!D57 -> VB 7345 | D59: ='Ctrl+V'!D57 -> VB 7345 | E59: J | F59: =ROUNDDOWN(HOUR(C59),1)+1 -> #VALUE! | G59: =VLOOKUP(F59,'Time Chart'!$A$1:$D$25,4,0) -> #VALUE! | H59: ='Ctrl+V'!E57 -> 46056.545 | I59: Santa Lucia | J59: Santa Lucia | K59: =IF(J59="Santa Lucia","Llegada","Salida") -> Llegada
A60: 59 | B60: =VLOOKUP('Ctrl+V'!B58,Data!$A$1:$B$200,2,0) -> Aeromexico | C60: ='Ctrl+V'!D58 -> AM 593 | D60: ='Ctrl+V'!D58 -> AM 593 | E60: J | F60: =ROUNDDOWN(HOUR(C60),1)+1 -> #VALUE! | G60: =VLOOKUP(F60,'Time Chart'!$A$1:$D$25,4,0) -> #VALUE! | H60: ='Ctrl+V'!E58 -> 46056.553 | I60: Santa Lucia | J60: Santa Lucia | K60: =IF(J60="Santa Lucia","Llegada","Salida") -> Llegada
A61: 60 | B61: =VLOOKUP('Ctrl+V'!B59,Data!$A$1:$B$200,2,0) -> Mexicana de Aviación | C61: ='Ctrl+V'!D59 -> XN 1781 | D61: ='Ctrl+V'!D59 -> XN 1781 | E61: J | F61: =ROUNDDOWN(HOUR(C61),1)+1 -> #VALUE! | G61: =VLOOKUP(F61,'Time Chart'!$A$1:$D$25,4,0) -> #VALUE! | H61: ='Ctrl+V'!E59 -> 46056.566 | I61: Santa Lucia | J61: Santa Lucia | K61: =IF(J61="Santa Lucia","Llegada","Salida") -> Llegada
A62: 61 | B62: =VLOOKUP('Ctrl+V'!B60,Data!$A$1:$B$200,2,0) -> Viva | C62: ='Ctrl+V'!D60 -> VB 9295 | D62: ='Ctrl+V'!D60 -> VB 9295 | E62: J | F62: =ROUNDDOWN(HOUR(C62),1)+1 -> #VALUE! | G62: =VLOOKUP(F62,'Time Chart'!$A$1:$D$25,4,0) -> #VALUE! | H62: ='Ctrl+V'!E60 -> 46056.58 | I62: Santa Lucia | J62: Santa Lucia | K62: =IF(J62="Santa Lucia","Llegada","Salida") -> Llegada
A63: 62 | B63: =VLOOKUP('Ctrl+V'!B61,Data!$A$1:$B$200,2,0) -> Volaris | C63: ='Ctrl+V'!D61 -> Y4 7113 | D63: ='Ctrl+V'!D61 -> Y4 7113 | E63: J | F63: =ROUNDDOWN(HOUR(C63),1)+1 -> #VALUE! | G63: =VLOOKUP(F63,'Time Chart'!$A$1:$D$25,4,0) -> #VALUE! | H63: ='Ctrl+V'!E61 -> 46056.612 | I63: Santa Lucia | J63: Santa Lucia | K63: =IF(J63="Santa Lucia","Llegada","Salida") -> Llegada
A64: 63 | B64: =VLOOKUP('Ctrl+V'!B62,Data!$A$1:$B$200,2,0) -> Mexicana de Aviación | C64: ='Ctrl+V'!D62 -> XN 1923 | D64: ='Ctrl+V'!D62 -> XN 1923 | E64: J | F64: =ROUNDDOWN(HOUR(C64),1)+1 -> #VALUE! | G64: =VLOOKUP(F64,'Time Chart'!$A$1:$D$25,4,0) -> #VALUE! | H64: ='Ctrl+V'!E62 -> 46056.615 | I64: Santa Lucia | J64: Santa Lucia | K64: =IF(J64="Santa Lucia","Llegada","Salida") -> Llegada
A65: 64 | B65: =VLOOKUP('Ctrl+V'!B63,Data!$A$1:$B$200,2,0) -> Viva | C65: ='Ctrl+V'!D63 -> VB 7379 | D65: ='Ctrl+V'!D63 -> VB 7379 | E65: ='Ctrl+V'!H63 -> 502 | F65: =ROUNDDOWN(HOUR(C65),1)+1 -> #VALUE! | G65: =VLOOKUP(F65,'Time Chart'!$A$1:$D$25,4,0) -> #VALUE! | H65: ='Ctrl+V'!E63 -> 46056.618 | I65: Santa Lucia | J65: Santa Lucia | K65: =IF(J65="Santa Lucia","Llegada","Salida") -> Llegada
A66: 65 | B66: =VLOOKUP('Ctrl+V'!B64,Data!$A$1:$B$200,2,0) -> Amerijet International | C66: ='Ctrl+V'!D64 -> M6 723 | D66: ='Ctrl+V'!D64 -> M6 723 | E66: J | F66: =ROUNDDOWN(HOUR(C66),1)+1 -> #VALUE! | G66: =VLOOKUP(F66,'Time Chart'!$A$1:$D$25,4,0) -> #VALUE! | H66: ='Ctrl+V'!E64 -> 46056.625 | I66: Santa Lucia | J66: Santa Lucia | K66: =IF(J66="Santa Lucia","Llegada","Salida") -> Llegada
A67: 66 | B67: =VLOOKUP('Ctrl+V'!B65,Data!$A$1:$B$200,2,0) -> Viva | C67: ='Ctrl+V'!D65 -> VB 2278 | D67: ='Ctrl+V'!D65 -> VB 2278 | E67: J | F67: =ROUNDDOWN(HOUR(C67),1)+1 -> #VALUE! | G67: =VLOOKUP(F67,'Time Chart'!$A$1:$D$25,4,0) -> #VALUE! | H67: ='Ctrl+V'!E65 -> 46056.628 | I67: Santa Lucia | J67: Santa Lucia | K67: =IF(J67="Santa Lucia","Llegada","Salida") -> Llegada
A68: 67 | B68: =VLOOKUP('Ctrl+V'!B66,Data!$A$1:$B$200,2,0) -> Mexicana de Aviación | C68: ='Ctrl+V'!D66 -> XN 1733 | D68: ='Ctrl+V'!D66 -> XN 1733 | E68: J | F68: =ROUNDDOWN(HOUR(C68),1)+1 -> #VALUE! | G68: =VLOOKUP(F68,'Time Chart'!$A$1:$D$25,4,0) -> #VALUE! | H68: ='Ctrl+V'!E66 -> 46056.642 | I68: Santa Lucia | J68: Santa Lucia | K68: =IF(J68="Santa Lucia","Llegada","Salida") -> Llegada
A69: 68 | B69: =VLOOKUP('Ctrl+V'!B67,Data!$A$1:$B$200,2,0) -> Viva | C69: ='Ctrl+V'!D67 -> VB 5070 | D69: ='Ctrl+V'!D67 -> VB 5070 | E69: J | F69: =ROUNDDOWN(HOUR(C69),1)+1 -> #VALUE! | G69: =VLOOKUP(F69,'Time Chart'!$A$1:$D$25,4,0) -> #VALUE! | H69: ='Ctrl+V'!E67 -> 46056.649 | I69: Santa Lucia | J69: Santa Lucia | K69: =IF(J69="Santa Lucia","Llegada","Salida") -> Llegada
A70: 69 | B70: =VLOOKUP('Ctrl+V'!B68,Data!$A$1:$B$200,2,0) -> Viva | C70: ='Ctrl+V'!D68 -> VB 7429 | D70: ='Ctrl+V'!D68 -> VB 7429 | E70: J | F70: =ROUNDDOWN(HOUR(C70),1)+1 -> #VALUE! | G70: =VLOOKUP(F70,'Time Chart'!$A$1:$D$25,4,0) -> #VALUE! | H70: ='Ctrl+V'!E68 -> 46056.656 | I70: Santa Lucia | J70: Santa Lucia | K70: =IF(J70="Santa Lucia","Llegada","Salida") -> Llegada
A71: 70 | B71: =VLOOKUP('Ctrl+V'!B69,Data!$A$1:$B$200,2,0) -> Volaris | C71: ='Ctrl+V'!D69 -> Y4 3532 | D71: ='Ctrl+V'!D69 -> Y4 3532 | E71: J | F71: =ROUNDDOWN(HOUR(C71),1)+1 -> #VALUE! | G71: =VLOOKUP(F71,'Time Chart'!$A$1:$D$25,4,0) -> #VALUE! | H71: ='Ctrl+V'!E69 -> 46056.681 | I71: Santa Lucia | J71: Santa Lucia | K71: =IF(J71="Santa Lucia","Llegada","Salida") -> Llegada
A72: 71 | B72: =VLOOKUP('Ctrl+V'!B70,Data!$A$1:$B$200,2,0) -> Aerus | C72: ='Ctrl+V'!D70 -> ZV 361 | D72: ='Ctrl+V'!D70 -> ZV 361 | E72: J | F72: =ROUNDDOWN(HOUR(C72),1)+1 -> #VALUE! | G72: =VLOOKUP(F72,'Time Chart'!$A$1:$D$25,4,0) -> #VALUE! | H72: ='Ctrl+V'!E70 -> 46056.694 | I72: Santa Lucia | J72: Santa Lucia | K72: =IF(J72="Santa Lucia","Llegada","Salida") -> Llegada
A73: 72 | B73: =VLOOKUP('Ctrl+V'!B71,Data!$A$1:$B$200,2,0) -> Air China | C73: ='Ctrl+V'!D71 -> CA 3125 | D73: ='Ctrl+V'!D71 -> CA 3125 | E73: J | F73: =ROUNDDOWN(HOUR(C73),1)+1 -> #VALUE! | G73: =VLOOKUP(F73,'Time Chart'!$A$1:$D$25,4,0) -> #VALUE! | H73: ='Ctrl+V'!E71 -> 46056.701 | I73: Santa Lucia | J73: Santa Lucia | K73: =IF(J73="Santa Lucia","Llegada","Salida") -> Llegada
A74: 73 | B74: =VLOOKUP('Ctrl+V'!B72,Data!$A$1:$B$200,2,0) -> Aeromexico | C74: ='Ctrl+V'!D72 -> AM 875 | D74: ='Ctrl+V'!D72 -> AM 875 | E74: J | F74: =ROUNDDOWN(HOUR(C74),1)+1 -> #VALUE! | G74: =VLOOKUP(F74,'Time Chart'!$A$1:$D$25,4,0) -> #VALUE! | H74: ='Ctrl+V'!E72 -> 46056.705 | I74: Santa Lucia | J74: Santa Lucia | K74: =IF(J74="Santa Lucia","Llegada","Salida") -> Llegada
A75: 74 | B75: =VLOOKUP('Ctrl+V'!B73,Data!$A$1:$B$200,2,0) -> Aeromexico | C75: ='Ctrl+V'!D73 -> AM 995 | D75: ='Ctrl+V'!D73 -> AM 995 | E75: J | F75: =ROUNDDOWN(HOUR(C75),1)+1 -> #VALUE! | G75: =VLOOKUP(F75,'Time Chart'!$A$1:$D$25,4,0) -> #VALUE! | H75: ='Ctrl+V'!E73 -> 46056.708 | I75: Santa Lucia | J75: Santa Lucia | K75: =IF(J75="Santa Lucia","Llegada","Salida") -> Llegada
A76: 75 | B76: =VLOOKUP('Ctrl+V'!B74,Data!$A$1:$B$200,2,0) -> Viva | C76: ='Ctrl+V'!D74 -> VB 9395 | D76: ='Ctrl+V'!D74 -> VB 9395 | E76: J | F76: =ROUNDDOWN(HOUR(C76),1)+1 -> #VALUE! | G76: =VLOOKUP(F76,'Time Chart'!$A$1:$D$25,4,0) -> #VALUE! | H76: ='Ctrl+V'!E74 -> 46056.719 | I76: Santa Lucia | J76: Santa Lucia | K76: =IF(J76="Santa Lucia","Llegada","Salida") -> Llegada
A77: 76 | B77: =VLOOKUP('Ctrl+V'!B75,Data!$A$1:$B$200,2,0) -> Viva | C77: ='Ctrl+V'!D75 -> VB 7417 | D77: ='Ctrl+V'!D75 -> VB 7417 | E77: J | F77: =ROUNDDOWN(HOUR(C77),1)+1 -> #VALUE! | G77: =VLOOKUP(F77,'Time Chart'!$A$1:$D$25,4,0) -> #VALUE! | H77: ='Ctrl+V'!E75 -> 46056.726 | I77: Santa Lucia | J77: Santa Lucia | K77: =IF(J77="Santa Lucia","Llegada","Salida") -> Llegada
... A85: 84 | B85: =VLOOKUP('Ctrl+V'!B83,Data!$A$1:$B$200,2,0) -> Viva | C85: ='Ctrl+V'!D83 -> VB 6016 | D85: ='Ctrl+V'!D83 -> VB 6016 | E85: J | F85: =ROUNDDOWN(HOUR(C85),1)+1 -> #VALUE! | G85: =VLOOKUP(F85,'Time Chart'!$A$1:$D$25,4,0) -> #VALUE! | H85: ='Ctrl+V'!E83 -> 46056.757 | I85: Santa Lucia | J85: Santa Lucia | K85: =IF(J85="Santa Lucia","Llegada","Salida") -> Llegada
A86: 85 | B86: =VLOOKUP('Ctrl+V'!B84,Data!$A$1:$B$200,2,0) -> Viva | C86: ='Ctrl+V'!D84 -> VB 9533 | D86: ='Ctrl+V'!D84 -> VB 9533 | E86: ='Ctrl+V'!H84 -> 107B | F86: =ROUNDDOWN(HOUR(C86),1)+1 -> #VALUE! | G86: =VLOOKUP(F86,'Time Chart'!$A$1:$D$25,4,0) -> #VALUE! | H86: ='Ctrl+V'!E84 -> 46056.764 | I86: Santa Lucia | J86: Santa Lucia | K86: =IF(J86="Santa Lucia","Llegada","Salida") -> Llegada
A87: 86 | B87: =VLOOKUP('Ctrl+V'!B85,Data!$A$1:$B$200,2,0) -> Mexicana de Aviación | C87: ='Ctrl+V'!D85 -> XN 1765 | D87: ='Ctrl+V'!D85 -> XN 1765 | E87: J | F87: =ROUNDDOWN(HOUR(C87),1)+1 -> #VALUE! | G87: =VLOOKUP(F87,'Time Chart'!$A$1:$D$25,4,0) -> #VALUE! | H87: ='Ctrl+V'!E85 -> 46056.785 | I87: Santa Lucia | J87: Santa Lucia | K87: =IF(J87="Santa Lucia","Llegada","Salida") -> Llegada
A88: 87 | B88: =VLOOKUP('Ctrl+V'!B86,Data!$A$1:$B$200,2,0) -> Kalitta Air | C88: ='Ctrl+V'!D86 -> K4 535 | D88: ='Ctrl+V'!D86 -> K4 535 | E88: J | F88: =ROUNDDOWN(HOUR(C88),1)+1 -> #VALUE! | G88: =VLOOKUP(F88,'Time Chart'!$A$1:$D$25,4,0) -> #VALUE! | H88: ='Ctrl+V'!E86 -> 46056.823 | I88: Santa Lucia | J88: Santa Lucia | K88: =IF(J88="Santa Lucia","Llegada","Salida") -> Llegada
A89: 88 | B89: =VLOOKUP('Ctrl+V'!B87,Data!$A$1:$B$200,2,0) -> Volaris | C89: ='Ctrl+V'!D87 -> Y4 7171 | D89: ='Ctrl+V'!D87 -> Y4 7171 | E89: J | F89: =ROUNDDOWN(HOUR(C89),1)+1 -> #VALUE! | G89: =VLOOKUP(F89,'Time Chart'!$A$1:$D$25,4,0) -> #VALUE! | H89: ='Ctrl+V'!E87 -> 46056.849 | I89: Santa Lucia | J89: Santa Lucia | K89: =IF(J89="Santa Lucia","Llegada","Salida") -> Llegada
A90: 89 | B90: =VLOOKUP('Ctrl+V'!B88,Data!$A$1:$B$200,2,0) -> Volaris | C90: ='Ctrl+V'!D88 -> Y4 1292 | D90: ='Ctrl+V'!D88 -> Y4 1292 | E90: J | F90: =ROUNDDOWN(HOUR(C90),1)+1 -> #VALUE! | G90: =VLOOKUP(F90,'Time Chart'!$A$1:$D$25,4,0) -> #VALUE! | H90: ='Ctrl+V'!E88 -> 46056.853 | I90: Santa Lucia | J90: Santa Lucia | K90: =IF(J90="Santa Lucia","Llegada","Salida") -> Llegada
A91: 90 | B91: =VLOOKUP('Ctrl+V'!B89,Data!$A$1:$B$200,2,0) -> Aeromexico | C91: ='Ctrl+V'!D89 -> AM 2041 | D91: ='Ctrl+V'!D89 -> AM 2041 | E91: J | F91: =ROUNDDOWN(HOUR(C91),1)+1 -> #VALUE! | G91: =VLOOKUP(F91,'Time Chart'!$A$1:$D$25,4,0) -> #VALUE! | H91: ='Ctrl+V'!E89 -> 46056.868 | I91: Santa Lucia | J91: Santa Lucia | K91: =IF(J91="Santa Lucia","Llegada","Salida") -> Llegada
A92: 91 | B92: =VLOOKUP('Ctrl+V'!B90,Data!$A$1:$B$200,2,0) -> Viva | C92: ='Ctrl+V'!D90 -> VB 7017 | D92: ='Ctrl+V'!D90 -> VB 7017 | E92: J | F92: =ROUNDDOWN(HOUR(C92),1)+1 -> #VALUE! | G92: =VLOOKUP(F92,'Time Chart'!$A$1:$D$25,4,0) -> #VALUE! | H92: ='Ctrl+V'!E90 -> 46056.868 | I92: Santa Lucia | J92: Santa Lucia | K92: =IF(J92="Santa Lucia","Llegada","Salida") -> Llegada
A93: 92 | B93: =VLOOKUP('Ctrl+V'!B91,Data!$A$1:$B$200,2,0) -> Viva | C93: ='Ctrl+V'!D91 -> VB 7305 | D93: ='Ctrl+V'!D91 -> VB 7305 | E93: ='Ctrl+V'!H91 -> 505 | F93: =ROUNDDOWN(HOUR(C93),1)+1 -> #VALUE! | G93: =VLOOKUP(F93,'Time Chart'!$A$1:$D$25,4,0) -> #VALUE! | H93: ='Ctrl+V'!E91 -> 46056.875 | I93: Santa Lucia | J93: Santa Lucia | K93: =IF(J93="Santa Lucia","Llegada","Salida") -> Llegada
A94: 93 | B94: =VLOOKUP('Ctrl+V'!B92,Data!$A$1:$B$200,2,0) -> Aeromexico | C94: ='Ctrl+V'!D92 -> AM 2469 | D94: ='Ctrl+V'!D92 -> AM 2469 | E94: ='Ctrl+V'!H92 -> 111A | F94: =ROUNDDOWN(HOUR(C94),1)+1 -> #VALUE! | G94: =VLOOKUP(F94,'Time Chart'!$A$1:$D$25,4,0) -> #VALUE! | H94: ='Ctrl+V'!E92 -> 46056.887 | I94: Santa Lucia | J94: Santa Lucia | K94: =IF(J94="Santa Lucia","Llegada","Salida") -> Llegada
A95: 94 | B95: =VLOOKUP('Ctrl+V'!B93,Data!$A$1:$B$200,2,0) -> MasAir | C95: ='Ctrl+V'!D93 -> M7 8724 | D95: ='Ctrl+V'!D93 -> M7 8724 | E95: J | F95: =ROUNDDOWN(HOUR(C95),1)+1 -> #VALUE! | G95: =VLOOKUP(F95,'Time Chart'!$A$1:$D$25,4,0) -> #VALUE! | H95: ='Ctrl+V'!E93 -> 46056.906 | K95: =IF(J95="Santa Lucia","Llegada","Salida") -> Salida
A96: 95 | B96: =VLOOKUP('Ctrl+V'!B94,Data!$A$1:$B$200,2,0) -> Volaris | C96: ='Ctrl+V'!D94 -> Y4 3296 | D96: ='Ctrl+V'!D94 -> Y4 3296 | E96: ='Ctrl+V'!H94 -> 112B | F96: =ROUNDDOWN(HOUR(C96),1)+1 -> #VALUE! | G96: =VLOOKUP(F96,'Time Chart'!$A$1:$D$25,4,0) -> #VALUE! | H96: ='Ctrl+V'!E94 -> 46056.942 | K96: =IF(J96="Santa Lucia","Llegada","Salida") -> Salida
A97: 96 | B97: =VLOOKUP('Ctrl+V'!#REF!,Data!$A$1:$B$200,2,0) -> #REF! | C97: ='Ctrl+V'!#REF! -> #REF! | D97: ='Ctrl+V'!#REF! -> #REF! | E97: ='Ctrl+V'!#REF! -> #REF! | F97: =ROUNDDOWN(HOUR(C97),1)+1 -> #REF! | G97: =VLOOKUP(F97,'Time Chart'!$A$1:$D$25,4,0) -> #REF! | H97: ='Ctrl+V'!#REF! -> #REF! | K97: =IF(J97="Santa Lucia","Llegada","Salida") -> Salida
A98: 97 | B98: =VLOOKUP('Ctrl+V'!#REF!,Data!$A$1:$B$200,2,0) -> #REF! | C98: ='Ctrl+V'!#REF! -> #REF! | D98: ='Ctrl+V'!#REF! -> #REF! | E98: ='Ctrl+V'!#REF! -> #REF! | F98: =ROUNDDOWN(HOUR(C98),1)+1 -> #REF! | G98: =VLOOKUP(F98,'Time Chart'!$A$1:$D$25,4,0) -> #REF! | H98: ='Ctrl+V'!#REF! -> #REF! | K98: =IF(J98="Santa Lucia","Llegada","Salida") -> Salida
A99: 98 | B99: =VLOOKUP('Ctrl+V'!#REF!,Data!$A$1:$B$200,2,0) -> #REF! | C99: ='Ctrl+V'!#REF! -> #REF! | D99: ='Ctrl+V'!#REF! -> #REF! | E99: ='Ctrl+V'!#REF! -> #REF! | F99: =ROUNDDOWN(HOUR(C99),1)+1 -> #REF! | G99: =VLOOKUP(F99,'Time Chart'!$A$1:$D$25,4,0) -> #REF! | H99: ='Ctrl+V'!#REF! -> #REF! | K99: =IF(J99="Santa Lucia","Llegada","Salida") -> Salida
A100: 99 | B100: =VLOOKUP('Ctrl+V'!#REF!,Data!$A$1:$B$200,2,0) -> #REF! | C100: ='Ctrl+V'!#REF! -> #REF! | D100: ='Ctrl+V'!#REF! -> #REF! | E100: J | F100: =ROUNDDOWN(HOUR(C100),1)+1 -> #REF! | G100: =VLOOKUP(F100,'Time Chart'!$A$1:$D$25,4,0) -> #REF! | H100: ='Ctrl+V'!#REF! -> #REF! | K100: =IF(J100="Santa Lucia","Llegada","Salida") -> Salida
A101: 100 | B101: =VLOOKUP('Ctrl+V'!#REF!,Data!$A$1:$B$200,2,0) -> #REF! | C101: ='Ctrl+V'!#REF! -> #REF! | D101: ='Ctrl+V'!#REF! -> #REF! | E101: ='Ctrl+V'!#REF! -> #REF! | F101: =ROUNDDOWN(HOUR(C101),1)+1 -> #REF! | G101: =VLOOKUP(F101,'Time Chart'!$A$1:$D$25,4,0) -> #REF! | H101: ='Ctrl+V'!#REF! -> #REF! | K101: =IF(J101="Santa Lucia","Llegada","Salida") -> Salida
A102: 101 | B102: =VLOOKUP('Ctrl+V'!#REF!,Data!$A$1:$B$200,2,0) -> #REF! | C102: ='Ctrl+V'!#REF! -> #REF! | D102: ='Ctrl+V'!#REF! -> #REF! | E102: J | F102: =ROUNDDOWN(HOUR(C102),1)+1 -> #REF! | G102: =VLOOKUP(F102,'Time Chart'!$A$1:$D$25,4,0) -> #REF! | H102: ='Ctrl+V'!#REF! -> #REF! | K102: =IF(J102="Santa Lucia","Llegada","Salida") -> Salida
A103: 102 | B103: =VLOOKUP('Ctrl+V'!#REF!,Data!$A$1:$B$200,2,0) -> #REF! | C103: ='Ctrl+V'!#REF! -> #REF! | D103: ='Ctrl+V'!#REF! -> #REF! | E103: ='Ctrl+V'!#REF! -> #REF! | F103: =ROUNDDOWN(HOUR(C103),1)+1 -> #REF! | G103: =VLOOKUP(F103,'Time Chart'!$A$1:$D$25,4,0) -> #REF! | H103: ='Ctrl+V'!#REF! -> #REF! | K103: =IF(J103="Santa Lucia","Llegada","Salida") -> Salida
A104: 103 | B104: =VLOOKUP('Ctrl+V'!#REF!,Data!$A$1:$B$200,2,0) -> #REF! | C104: ='Ctrl+V'!#REF! -> #REF! | D104: ='Ctrl+V'!#REF! -> #REF! | E104: J | F104: =ROUNDDOWN(HOUR(C104),1)+1 -> #REF! | G104: =VLOOKUP(F104,'Time Chart'!$A$1:$D$25,4,0) -> #REF! | H104: ='Ctrl+V'!#REF! -> #REF! | K104: =IF(J104="Santa Lucia","Llegada","Salida") -> Salida
